:020000040800F2
:10000000800A0020C5010008BD6B0008A555000846
:1000100000000000000000000000000000000000E0
:10002000000000000000000000000000796C0008E3
:100030000000000000000000C16B00087B6C00089D
:10004000D701000800000000D7010008D701000810
:10005000D7010008D7010008D7010008D701000820
:10006000000000002124000831240008D701000806
:10007000D7010008FD6C00080D6D000800000000AD
:100080001D6D00080000000000000000D7010008FE
:1000900000000000D7010008D7010008D7010008C0
:1000A000A9550008D7010008D7010008D7010008AA
:1000B000DD7F0008000000000000000000000000DC
:1000C00000F002F800F053F80CA030C808382418EB
:1000D0002D18A246671EAB4654465D46AC4201D180
:1000E00000F045F87E460F3E0FCCB646012633425F
:1000F00000D0FB1AA246AB4633431847E88C0000F9
:10010000088D0000103A02D378C878C1FAD8520797
:1001100001D330C830C101D504680C6070470000BD
:100120000023002400250026103A01D378C1FBD813
:10013000520700D330C100D50B60704710B5662957
:1001400002D108F0FFFC10BD782902D100F0B2F80E
:1001500010BD002010BD1FB501F088FB0400002079
:10016000002108F09FFBE0601FBD10B510BD01F03D
:1001700055FF1146FFF7EFFF08F0EEFA01F06DFFB3
:1001800003B4FFF7F2FF03BC01F0E4FF70B50546CE
:100190000C46164602E00FCC0FC5103E102EFAD2C8
:1001A000082E02D303CC03C5083E042E07D301CC8E
:1001B00001C5361F03E021782970641C6D1C761E72
:1001C000F9D270BD0748804707480047FEE7FEE7C1
:1001D000FEE7FEE7FEE7FEE704480549054A064B51
:1001E00070470000F96C0008C1000008800400207E
:1001F000800A002080060020800600200FB41CB575
:10020000084B06AA7B4469460090059801F081FAE4
:1002100004460020694601F08FFA20461CBC08BC49
:1002200004B01847311500000FB47CB50C0009AAC2
:10023000009001D00019401E094B7B446946019093
:10024000089801F066FA002C054603D069460020A4
:1002500001F072FA28467CBC08BC04B018470000C4
:100260000515000070B5044685690068C10601D512
:10027000302600E02026C00707D070BD62683046F7
:10028000A1689047206A401C20626D1EF6D570BDA3
:1002900070B5044685690078C00707D170BD6268F3
:1002A000A16820209047206A401C20626D1EF6D570
:1002B00070BD000070B504460D4621461068C0466A
:1002C000C0462188090502D50F4A7A4402E00E4A49
:1002D0007A440E3223460021243305E00607000944
:1002E000360F965D5E54491C0028F7D12078002314
:1002F000000705D5702D03D0002901D0022311324B
:10030000204600F09CFF70BD22890000F3B5044632
:10031000002081B020622046E168884700287DD017
:10032000252802D06268A16883E0454F00257F44FC
:100330002046E16888472028064608DB312E06D291
:10034000B81920380078002801D00543F0E7A80745
:1003500001D5042085430020E0610746A0612A2ED4
:100360000AD0304607F0A5FF002827D0B8000019B2
:10037000303E0090866119E00298BA00121902C856
:10038000916102902046E1688847012F064617D107
:10039000E06900281FDA202085431CE000980A212C
:1003A0008069484300998019303888612046E168A7
:1003B0008847064607F07DFF0028EFD1012F0AD0BD
:1003C0002E2E08D12046E1688847064620200543A6
:1003D0007F1C022FC3DBA069002803DA4042A06122
:1003E00001200543E80701D010208543002E24D0CA
:1003F00030464138192803D80120C0020543203671
:10040000204625603146029A1546FFF797FE0028E0
:100410000CD0012807D0ED1DE80800E00DE0C00079
:100420000830029077E72D1D029574E76268304628
:10043000A1689047206A401C6CE7206AFEBD00005E
:10044000E688000030B5441C03E00178401C002918
:100450000DD08107F9D10B4BDD0104C8D11A9143AE
:100460002940FAD0001B0A0603D0C01E30BD001B75
:1004700030BD0A0401D0801E30BD0902FCD0401EF0
:1004800030BD000001010101F8B5042A2CD3830717
:1004900012D00B78491C0370401C521E83070BD0EE
:1004A0000B78491C0370401C521E830704D00B7844
:1004B000491C0370401C521E8B079B0F05D0C91AA4
:1004C000DF002023DE1B08C90AE0FFF75FFEF8BD4E
:1004D0001D4608C9FD401C46B4402C4310C0121FE5
:1004E000042AF5D2F308C91A521EF0D40B78491C1D
:1004F0000370401C521EEAD40B78491C0370401C48
:10050000012AE4D409780170F8BD01E004C0091F94
:100510000429FBD28B0701D50280801CC90700D0BB
:100520000270704700290BD0C30702D00270401C34
:10053000491E022904D3830702D50280801C891E2C
:10054000E3E70022EEE70022DFE7002203098B4207
:100550002CD3030A8B4211D300239C464EE0034662
:100560000B433CD4002243088B4231D303098B4216
:100570001CD3030A8B4201D394463FE0C3098B424C
:1005800001D3CB01C01A524183098B4201D38B01A5
:10059000C01A524143098B4201D34B01C01A524148
:1005A00003098B4201D30B01C01A5241C3088B428D
:1005B00001D3CB00C01A524183088B4201D38B0078
:1005C000C01A524143088B4201D34B00C01A52411A
:1005D000411A00D201465241104670475DE0CA0FF1
:1005E00000D04942031000D34042534000229C46B1
:1005F00003098B422DD3030A8B4212D3FC228901BB
:1006000012BA030A8B420CD3890192118B4208D390
:10061000890192118B4204D389013AD0921100E0F2
:100620008909C3098B4201D3CB01C01A5241830906
:100630008B4201D38B01C01A524143098B4201D333
:100640004B01C01A524103098B4201D30B01C01A5E
:100650005241C3088B4201D3CB00C01A52418308D8
:100660008B4201D38B00C01A5241D9D243088B422E
:1006700001D34B00C01A5241411A00D201466346D1
:1006800052415B10104601D34042002B00D5494235
:10069000704763465B1000D3404201B50020C0465E
:1006A000C04602BD70477047704700000246C80F41
:1006B000C00781434B0030B54B405B009B0D20D001
:1006C0001923DB06C91801231B05994220DB0324EB
:1006D000A40704251346AB400BD3002B04D1EB0633
:1006E00013409B00E34204D4012464070023121941
:1006F0005941FF231B0599420BD2C9000143500FFA
:1007000009E0CB0204D501430803024305D00548A4
:1007100030BDFF21C905084330BD08460721090542
:10072000884330BD0000C07FF0B50C46871A9C415D
:100730000D46861A9D4103D2C01BA141D2196341C7
:100740000D0D1F0DC94EEC1BAE435CD07F057F0D18
:100750000026002F51D02D05AC46A943DD02012310
:10076000ED0A1B051D4320231B1B24D41746E7401D
:10077000381871412F46E740CC199D402818314662
:1007800061410C0D27D161449A4013D50023401CD0
:10079000594152000ED14008400001224B00520541
:1007A000D34207D305204007C14201D5B04900E03C
:1007B000B0493046F0BD6B00002A00D001229A18E3
:1007C0001F23203C1B1B01D5002302E0E540281815
:1007D00071410C0DD7D0012424050919C407CD0798
:1007E00040084908E40F28436144002CD5D0002478
:1007F000401C61419A40D0D1CDE76A05520DD9D154
:10080000C90FC907D5E79C4D4E00002801D001242F
:1008100000E0002434195F00002A01D0012600E026
:100820000026BE19954FAC420CD8AE420AD8B4424D
:1008300006D001256D05EC42BCD010461946F0BD2E
:100840009942FCD000203946F0BDF0B51FB40C46EB
:100850000F46811A9F412546861A9D4106D20125E1
:10086000ED076F40401ABC4152187B41210D1E0D0F
:100870008D1BAC467D4D8D437ED075056D0D7CD0B6
:100880000D05AE46AC431B031B0B794D52429D41F7
:10089000202366469B1B14D31746F74038180026C2
:1008A0000090744160462F460741E41900989D402E
:1008B0002818664116D4714671189A4025D501232F
:1008C00020E093182A466A415200002B00D0521CA7
:1008D0001E23203E9B1B002B61DD3541EE1728189F
:1008E0006641E8D5001876415B1C9A4000D3401C55
:1008F0004B05F3181524E34010D3002B52D071465A
:100900007118D30FC01802D3491C05B0F0BD0123E4
:10091000DB079A42F9D140084000F6E70122520570
:10092000B21801D1002853D00123CC0ADB0299432D
:10093000891E002A08D1020C03D0020C00041039D1
:1009400002E00246002020390023550B05D1120297
:100950000823550B01D152010D23550C01D1120171
:100960001B1DD50C01D192009B1C150D01D152000D
:100970005B1C2025EE1A01E02CE022E00546F54044
:1009800015439840CA1AE10769181305C918002AC7
:10099000BBDA032040070818C10FC9070FE07146F2
:1009A0006118B2E7F10740080843711071444A002A
:1009B0000CD001235B059A42A7D2C90FC9070020BA
:1009C000A3E74905490D26D1002001E00028F4D114
:1009D00000219AE7284D6600002801D0012100E09F
:1009E000002171185F00002A01D0012600E00026D6
:1009F000BE19224FA94210D8AE420ED8B14208D03B
:100A000001256D05E94206D01946A802414010466D
:100A10007BE79C4201D0214677E70020394674E706
:100A200010B50C465C4005D50124E4076340FFF790
:100A30000CFF10BDFFF778FE10BD30B40C465C40D3
:100A400004D50124E407634030BC6DE630BCFCE60D
:100A500070B50124E40761400D465D4002D4FFF704
:100A600063FE70BD6340FFF7F0FE70BDFF0700003E
:100A70000000F0FF0000F07F0000E0FF0000F87FC2
:100A8000F0B5F94D0C091E092C402E402F468BB0B5
:100A9000A7437DD0B543FCD0002E7AD0002CFCD0EB
:100AA0000D465D40ED0F2543AC1BFF25AD046419D9
:100AB0000894C502440DC9022143500DDC020443D1
:100AC0000120C00701430443D2020191200C110C04
:100AD00000958C46010423468B430A916146090424
:100AE000E24D8A430991010A7D4449198039097808
:100AF00005464D4301266D18F605751B6943C90C63
:100B0000640B891C4C436418B5012C1B250C2E0466
:100B1000B4434C434D43210C691889090591009D4C
:100B2000E90701D00121C90704912C460199670802
:100B3000CD072F434C08059DE10B4D432D0C294655
:100B40006646754302950D4645432E46029D7D1B24
:100B5000B44100950D465D4301942C0C2F040D46C5
:100B60005543AE462D0C3D43029503947546049CB7
:100B70002D04641B049406D2029C039D641C002671
:100B800075410395029401AC70CC009F7D1B01E080
:100B90003EE162E1B4410904009507910194059991
:100BA000A4086143090C0C464443650BE7040C465A
:100BB00066467443A646640B3C4303950294744610
:100BC000049DE4042C1B049406D2029C039D641C27
:100BD000002675410395029401AC70CC009F7D1BEB
:100BE000B44101940C465C430095650FE7000C4648
:100BF0005443A646640F3C43039502947446049DF7
:100C0000E4002C1B049406D2029C039D641C002665
:100C100075410395029401AC70CC009F7D1BB441DB
:100C2000AE09AF06049DC900AD092F43049DA4067B
:100C3000AD060495079D344369180791059DE10BA6
:100C40004D432D0C29466646754302950D46454396
:100C50002E46029D7D1BB44100950D465D430194D7
:100C60002C0C2F040D465543AE462D0C3D430295EA
:100C700003947546049C2D04641B049406D2029CC4
:100C8000039D641C002675410395029401AC70CC51
:100C9000009F7D1BB44101948C050694079C890A32
:100CA000611800950791019C0599A4086143090CFE
:100CB0000D464543680BEF040D46644665436C0BD7
:100CC0003C43049FED047D1BAC4602D20025641C0E
:100CD0006841009E019D371B854108465843019598
:100CE0000C46460FC5005443600F28436546E40098
:100CF0002C1B02D20025401C6E41019D3F1AB541BC
:100D00002846BD09800628438446A009BF064E0236
:100D10000699A40676180743079D002068410A99A2
:100D2000079019430020099B00906046FF19134368
:100D30004041E20F64003A43A4460446D71A8C416E
:100D4000A04203D90120009020463A46C70F9418CC
:100D500040416246D20F2243644664000494009CE2
:100D6000BE466400D71AA446044602978C417746D3
:100D7000002F01D1A04204D96046401C8446029A4B
:100D80002046C40FA64694184041049A0546D20F47
:100D9000224364466400D31A8D417146002901D173
:100DA000A84202D928461A46641C10430122002892
:100DB00000D0164361020020079B891904465C415C
:100DC0000223002C02DB491813466441089DCE0A19
:100DD0002D145D194B056705E10A2C050D190899BD
:100DE0003E43C9076940002B08D0934006D3002238
:100DF000761C5141002B01D1760876001C4A002D4B
:100E000043DB154241D0AA433FD030460BB0F0BD82
:100E100006180D464D41174C7642AC411AD3951831
:100E20001C465C41134A6D42A24113D30122520574
:100E30004C00D4420AD15C00D4420BD04B4002D5C6
:100E400092021143E2E749004908DFE75940C90F20
:100E5000C90718E000200849D8E7054801420DD12C
:100E60000342F7D0F2E700000000FF073D810000D9
:100E70000000F07F0000E0FF0000F87F11485940BB
:100E80000143C01241400020C0E70123089A9B069D
:100E90009A4205DC032252078918C90FC907B5E732
:100EA000052252078918074A1143D2125140ADE773
:100EB00070B515461C4602460B4628462146FFF7EC
:100EC000DFFD70BDFFFFFF7FF0B58B4C0F0925469E
:100ED00089B0BD437BD01D092646AE43FAD00E46ED
:100EE0005E402740F60F3E43254071D02401214249
:100EF000FBD0FF24AD19A4042D1B039501252D055E
:100F0000DB02DB0AC9022B43C90A29431E0109017E
:100F1000040F130F050121431701880B820391432E
:100F20002D098C46A90B1E438A039543B30B9A03E4
:100F300096433F09BA0B9403A74302962E467E437D
:100F40000497B6464E19D7190C4601965443059797
:100F50007E43371B7646BF1B3601B646BE0B36199D
:100F600000967646BC043719009C01D3641C00949B
:100F70006400002F01D001263443029E049F754374
:100F800066467E430496760034196E003419009448
:100F9000029C019E1C196643751BAE46069465466D
:100FA0004519059C05956C43594375460891691A86
:100FB0000191049E01465143A41B0491611A009CB7
:100FC0000791E10605D061090122114302E072E0B8
:100FD0006EE06109089D00272C0A2D066918049D02
:100FE0007C412A0A2D066918019D6241AC0DAD02B3
:100FF0006D185441079A910D920255196141029A58
:10100000644658435443069B059A5A43121A131BCD
:101010009A0E9B015B187A41010B0005C3185141E0
:10102000220A200644195A419A4200D2491C012042
:101030004002814203D315230226F64302E0142323
:101040000326F6432020C51AA9401746AF40DA40D0
:101050000A4320460399D8400914731819055118FA
:10106000039A3843D2075140AC4009D00122944042
:1010700006D30022401C5141002C01D14008400001
:101080001E4A934212D3012203989206904207DB34
:101090000520400709181A480143C012414004E0E6
:1010A000032040070818C10FC907002009B0F0BD90
:1010B0000020F107FAE705180C464C4111486D4233
:1010C000A04115D394181A465A410E4864429041E3
:1010D0000ED301204A004005824209D35A008242C1
:1010E00006D35940C90F084AC90700201143DDE75C
:1010F00000200649DAE700000000FF07FE070000B5
:10110000FFFFFF7F0000E0FF0000F07F0000F87F9E
:101110000121C9050123411842001B06D3185B0EAB
:101120000AD0C1100722D206891840075242D14284
:1011300001D5520089187047090208D50146002AD6
:1011400003D0C10FC9070020704710467047420204
:1011500002D0002002497047072109050143F4E746
:101160000000F87F10B501469E240002CA15A307AF
:10117000002A02D01843002A04DBA21A002A0CDD40
:10118000D04010BD1206120E01D140004008A21A34
:1011900003D4D04040420028F3DDFF22480012066D
:1011A000904201D9002010BDC817C043584010BD5F
:1011B0000102C21504D00123DB071943002A0ADB10
:1011C0009E239A1A02D40846D0407047FF2241005D
:1011D0001206914201D900207047C017C0437047E2
:1011E0001F22030C02D10F2200041CD0030E01D1D8
:1011F0000002083A030F01D10001121F830F01D131
:101200008000921E002801DB4000521ED2055118BA
:10121000021251181922904004D3491C002801D110
:101220004908490008467047C10FC90700D040422D
:10123000012292071143D3E701218907D0E7FFB5C7
:1012400004460D4681B0243000902168880604D5FC
:101250001022E0699143216000E00120A84201DDF5
:10126000471B00E000270498A1697A191018081A92
:10127000A0612078C00602D42046FEF7F3FF0026C6
:1012800008E003986268A168805D9047206A401C6E
:10129000761C206204988642F3DB2078C0060AD5CB
:1012A0002046FEF7DFFF06E06268A1683020904725
:1012B000206A401C206238467F1E0028F4DC07E0CC
:1012C00000986268A168405D9047206A401C2062D7
:1012D00028466D1E0028F3DC2046FEF7D9FF207853
:1012E000000602D5022005B0F0BD0120FBE700009A
:1012F0007047FFB50C461E468FB003CA089009918F
:101300004F007D0D00D16D1E002108460020C04613
:101310000321099A89050840002A03DA820080180F
:1013200040080840800D01280A9002DD0020C043DB
:101330000A90089807430DD0F048F149281848430F
:101340000714189800281DD07542291E1DDD0A9823
:1013500042421BE01898012802D00020302104E00E
:101360000020F24305E02154401CB042FBDB304634
:101370000022189B002121540F998B600A6048605D
:1013800013B0F0BDBD1B6D1CDFE70A9A002900DA1F
:1013900069420BA800F0F0FA0BAB07CB03AB07C315
:1013A0000899099800F054FB6B4607C30146D548DD
:1013B0000918002D00910BDDD24903980A9A494281
:1013C0004018002303A90390684600F0B1FD08E02F
:1013D00003990A9A0023081803A90390684600F0AD
:1013E00051FD6B4607C30004000C03D00020C0432E
:1013F000410800E01046189A002A03D0002200920B
:1014000015461EE0751E05D400F034FA30326255E0
:101410006D1EF9D501220843079602D000227F1CD9
:1014200004E02078302801D100227F1E002A069790
:1014300087D01EE0112D07DA00F01CFA3032625519
:101440006D1C02460A43F5D1084303D000980028DA
:1014500019D00EE00021681E05E0235C625C635435
:101460002254401E491C8142F7DBA81B401E0795F1
:101470000690079A18990020A0540F98079B069A87
:1014800081600CC07CE711260020189059E7D21D1E
:10149000F0B50D460446D10893B0C90003C90C90BD
:1014A0000D9106F01DFE02460D98C00F01D02D20B3
:1014B00007E02068810701D52B2002E04007C00F1C
:1014C0004001032A0F9001D0072A05DB0346294675
:1014D000204600F00DFA0EE12078800601D5E7697C
:1014E00000E006272846652D04D0662814D0672D15
:1014F00069D12DE00020112F009001DB112300E0C5
:101500007B1C0CAA03A910A8FFF7F3FE1199002673
:1015100010987D1C0E9142E001203B460CAAC007AA
:101520000B900120009003A910A8FFF7E2FE119D87
:1015300012981099002600280E9501D1781C0D18DC
:10154000781B02D446427D1C761EE81B00903AE0D0
:10155000012F00DA01270020112F009001DD112357
:1015600000E03B460CAA03A910A8FFF7C2FE1199A0
:101570003D46109800260E91217809070BD40E994C
:10158000A94200DA0D4603A9012D04DD4A19203ACB
:10159000D27F302A06D0B84201DA011D04DA0121D7
:1015A00000910FE06D1EEFE7002802DC86192D1A6E
:1015B00003E0411CA94200DD0D46801B401C009049
:1015C0000120C0070B902078000705D40098A8429E
:1015D00002DB0020C043009069460020C8720B98CF
:1015E000012102AF0337C907884225D0022010909D
:1015F0002B2011900B9800280BDA40420B902D20E5
:10160000119006E00B9800F0A4F830317F1E0B908B
:1016100039701099481E00291090F3DC0B980028AF
:10162000F0D111987F1E38702088000501D5452023
:1016300000E065207F1E387001A8C01BC01D0B9004
:101640000F98002800D0012041190098C0170918F0
:101650000B980818A169081A401EA0612078C006DE
:1016600002D42046FEF7FEFD0F98002805D06268E0
:10167000A1689047206A401C20622078C00625D5CA
:101680002046FEF7EFFD21E0002E07DB0E98B0426A
:1016900004DD03A86268805DA16802E06268A16859
:1016A00030209047206A761C401C20620098401E23
:1016B000002800900AD100F0D9F8C068626801687B
:1016C000405CA1689047206A401C206228466D1E3D
:1016D0000028D9DC07E062683878A1687F1C904751
:1016E000206A401C20620B99481E00290B90F2DCF6
:1016F0002046FEF7CDFD032042E6000001FCFFFF7F
:10170000104D0000E1DFFFFF01694A1C026108780B
:10171000704700B58FB002910021059105490193F2
:1017200079440391114604906846FEF7EFFD0FB02F
:1017300000BD0000E5FFFFFF0A681070521C0A6040
:1017400070470CC908399A4202D2531C0B601070C2
:10175000704701468008081A02091018020A10187A
:10176000020C1018C008820012185200891A01E0F9
:10177000401C0A390A29FBD270470000F8B5224CF8
:101780004E00069DA6420AD8A64201D1002806D1E5
:101790005E00A64203D8A6420AD1002A08D00D2432
:1017A000240425422CD02946002000F011FCF8BD6D
:1017B0000C461C430CD4994202D0EFF30080F8BDD4
:1017C000904202D0EFF30080F8BDEFF30080F8BD47
:1017D00009242407E5008B4206D0EFF30080A043E4
:1017E000591A06D2284304E0101A05D3EFF30080FB
:1017F000A04380F30088F8BDEFF30080A043F1E739
:10180000009500F0FDFBF8BD0000E0FF70B5054657
:101810004800440D124B0020002C0AD0634008D031
:101820009A4206DA6642B24203DD1205401951417E
:1018300070BD002C08D0002B09D0C90FC907002AA1
:10184000F6DB084A114370BDC90FC90770BD2846B1
:101850000A03104302D00020034970BD284670BD22
:10186000FF0700000000F07F0000F87F004870478D
:10187000400400200B4670B50246890780080843E3
:1018800019469D08141AA9412509080705430809A6
:101890002C194841250A01060D43010A2C19414122
:1018A000200C0D0428430D0C00194D410021401956
:1018B0004D41C00869070843E908840F8D0025439E
:1018C000840024184D4124196D41121BAB4107E0DF
:1018D0000925ED432C11521963410024401C61413C
:1018E0001C460A250026551BB441F1D270BD0000EC
:1018F000F8B51F46044601230068DB0203260146B3
:101900001840072A05DB002801D017A506E017A517
:1019100004E0002801D016A500E016A510208143A0
:101920002160A069C01E002FA06101D0401EA061EF
:101930002046FEF797FC002F09D038466268A16860
:101940009047206A401C2062C01C206206E0206A8A
:10195000FAE762682878A1686D1C9047761EF8D275
:101960002046FEF795FCF8BD4E414E006E616E00BC
:10197000494E4600696E6600F7B516468AB0334890
:1019800078446C4603467C33C06F5A689B680DC42C
:101990002E487844763003AC0DC80DC43720C00102
:1019A000081837211B30FEF7DAFD05460C46803D4E
:1019B0001B3C02D56442012000E000200027099072
:1019C00010E0E0070CD00C202049784379443246DF
:1019D0004C3941186846012300F054FA6B4607C39E
:1019E00064107F1C002CECD1184F7F442E3F16E072
:1019F000E80712D02001C0190EC80691089307927B
:101A00000068F04201D1981908903246012306A9D6
:101A100003A800F037FA03AB07C36D10641C002D58
:101A2000E6D10998002806D032466946012303A86A
:101A300000F07EFA05E001233246694603A800F073
:101A400021FA0A9B07C30DB0F0BD0000CC73000063
:101A5000034640000A4610B5400D0BD00121C907CE
:101A60000F24A40200191C0364082143540D2143D0
:101A7000D20207E000210120F2E7D40F4900214300
:101A80005200401E0029F8DADB0FDB07184310BDB7
:101A9000FFB50D46144685B04868516806F0FAFA5D
:101AA00000910190A868A16806F0F4FA02910390F1
:101AB000A868616806F0EEFA029A12188242029251
:101AC00001D2012000E00020019A0B18D218002852
:101AD000019202D08A4202D903E08A4201D2012057
:101AE00000E000200099081800906868A16806F0DE
:101AF000D1FA029A12188242029201D2012000E029
:101B00000020019A0B18D2180028019202D08A42B4
:101B100002D903E08A4201D2012000E000200099AE
:101B200008180090286821684000490040084908CA
:101B30004018FA49471814E001994000C90F0843BA
:101B40000090019802994000C90F08430190029843
:101B500003994000C90F08430290039840007F1E7C
:101B6000039000980028E7DA0898002801D0EC4E8E
:101B700000E00026B74201DA012000E00020002842
:101B800004902AD0F71BF806C00E15D0029B202126
:101B9000091A039A8B401A430392029A019BC2408E
:101BA0008B401A430292019A009BC2408B400099DD
:101BB0001A430192C14000917B110DD06F46032062
:101BC000C11A03D500218200B95003E08A008100C8
:101BD000BA587A50401EF3D5374603980299002828
:101BE00000D00120014308980291002808460CD03B
:101BF000002800D001200199019A490508430121DC
:101C0000D20AC902D202019200E001210E9B0122F8
:101C1000D207012B02D0002B03D013E0002807D1FC
:101C200020E0904204D890420CD1019B0B4209D095
:101C3000019B5918019105D10099491C009101D1CE
:101C40007F1C009200280DD0102108460020C046BD
:101C50000498002806D00F98002803D008210846D1
:101C60000020C04628682168019B009A4840C10FA7
:101C70000598C90739430EC009B0F0BDFFB587B05C
:101C8000099A089808995368926840688968964646
:101C90000022039317469446089A12685300099A43
:101CA0005B081268520052089A1A9E4BD4180A9A7E
:101CB000002A01D0352200E04022069200220123B2
:101CC00015460492DB07059324E0002D05D17546E7
:101CD0000346039E4D1BB34109D375466646039BDD
:101CE000491B049D9841059B7519AC465F416346AD
:101CF0003B4308D0059B049EDD0776082E435B0816
:101D00000496059301E0521E641EC50FED074918A5
:101D10004041521C069B9A42D7DB002D04D17546E8
:101D2000039A6B1A824101D203200CE0039A0B46FE
:101D30006B404240134303D0014303D0012002E033
:101D4000022000E0002061460191002100970291ED
:101D50000A99002905D0614640020143704B019168
:101D600002E08007002302909C4201DA012000E09B
:101D7000002007003AD01A1BD006C00E15D0029DD5
:101D80002021019C091AC5408C402543029C8C40AF
:101D900000D001242543019C0295009DC4408D4044
:101DA00000992C430194C140009154111DD06D46FF
:101DB0000221002202290CD10320001B07E0002889
:101DC00004DB8600AE59002E00D00122401C0328FF
:101DD000F5DB081B02D588002A5004E08000285853
:101DE00010438A00A850491EE3D51C460A980028D3
:101DF00002980CD0002800D001200199019A4905D1
:101E000008430121D20AC902D202019200E0012155
:101E1000109B0122D207012B02D0002B03D013E02C
:101E2000002807D11FE0904204D890420CD1019BBA
:101E30000B4209D0019B5918019105D10099491C09
:101E4000009101D1641C009200280CD0102108469A
:101E50000020C046002F06D01198002803D008218A
:101E600008460020C04608980999019A009B00681E
:101E700009684840C10F0798C907214382600AC01A
:101E80000BB0F0BD00B585B0019300920A46014643
:101E9000002302A8FFF7FCFD02A807C805B000BD9B
:101EA000FFB50A461F4685B00799019301230091AB
:101EB000014602A8FFF7ECFD02990398049ECA0FA1
:101EC0004900D20700920F22490892028C1A002181
:101ED000002800DB0C46450013486D08844214D3EB
:101EE000079A002A04DA441E0026104DF64302E049
:101EF00004460D460E46102108460020C046002F1D
:101F000003D0042108460020C0462005E90A084302
:101F1000009908436905F20A1143ADE602C0FFFFCC
:101F2000013C0000FF3F0000FF070000FFFFFF7FB4
:101F300000B585B0019300920A460146002302A82D
:101F4000FFF79CFE02A807C8A8E7FFB50A461F4690
:101F500085B00799019301230091014602A8FFF77C
:101F60008DFE02990398049ECA0F4900D207009281
:101F70000F22490892028C1A0021002800DB0C462F
:101F8000450011486D08844214D3079A002A04DAE8
:101F9000441E00260D4DF64302E004460D460E4653
:101FA000102108460020C046002F03D00421084617
:101FB0000020C0462005E90A084300990843690546
:101FC000F20A114358E60000FF070000FFFFFF7F01
:101FD000C80212D54803400F002804D0C803C043EC
:101FE000012188407047EFF30080000100090321C0
:101FF0000907084380F300887047002070470000FD
:1020000010B500200249029A00F074F810BD0000DB
:102010000000F87F00487047200400207546FFF755
:10202000F9FFAE46050069465346C008C000854624
:1020300018B020B5FEF7D0F860BC00274908B646B6
:102040000026C0C5C0C5C0C5C0C5C0C5C0C5C0C5C7
:10205000C0C5403D49008D46704710B50446C04696
:10206000C0462046FEF78CF810BD0000024670B551
:102070000A4392072AD11E4DEE0104C808C9541B19
:102080009443344017D0D0B2D9B2401A210601434C
:1020900010D190B299B2401A210401430AD1100222
:1020A0001902000A090A401A2102014302D1100E46
:1020B000190E401A70BD9A42DFD010BA19BA884280
:1020C00001D9012070BD0020C04370BD02780B789B
:1020D000401C491C002A09D09A4207D102780B788B
:1020E000401C491C002A01D09A42EFD0D01A70BD82
:1020F0000101010110B50C461107090F092904D08F
:102100000A290AD008290CD104E011460820FFF75B
:102110005FFF06E0510606D501E0510601D501201A
:10212000C007214610BDD10607D501010909CC0819
:102130004907000E0006044309E0410F2002490749
:10214000000A0143200E00061D22D141014308462A
:10215000E7E7704701491820ABBEFEE72600020002
:102160001CB505F043FF084800680849096800915C
:102170000190074803680748026807480168074854
:10218000006800F00DF81CBD640000206000002015
:102190005C0000201C000020200000202400002003
:1021A000F0B585B006460C4615461F463946304602
:1021B00006F060FC039080480168039806F002FC7A
:1021C0007E4908607E480168304606F053FC039063
:1021D0007C480168039806F0F5FB7B4908602046BF
:1021E0000A9906F047FC039078480168039806F0C6
:1021F000E9FB7749086077480168204606F03AFC19
:10220000039075480168039806F0DCFB7349086089
:1022100028460B9906F02EFC03907148016803983C
:1022200006F0D0FB6F4908606F480168284606F049
:1022300021FC03906D480168039806F0C3FB6C49CC
:1022400008606C4801685D48006806F075FB039003
:102250005D480168039806F06FFB674908606748AE
:1022600001685B48006806F067FB03905B48016803
:10227000039806F061FB62490860624801685948AA
:10228000006806F059FB039059480168039806F06E
:1022900053FB5D4908604A4806604E480460524856
:1022A00005605A48008832286CDD58480088FEF7DF
:1022B000C3FF009050480168009806F03DFB019074
:1022C0004F480168019806F037FB02904E480168BC
:1022D000029806F031FB0390FEF76AFF4C49088034
:1022E0004A480088FEF7A8FF00904348016800981C
:1022F00006F0C0FB019042480168019806F0BAFB65
:10230000029041480168029806F016FB0390FEF720
:102310004FFF404908803D480088FEF78DFF009040
:1023200035480168009806F007FB019034480168C1
:10233000019806F09FFB029033480168029806F06E
:1023400099FB0390FEF734FF334908802F4800883B
:10235000FEF772FF009028480168009806F08AFB9B
:10236000019027480168019806F0E6FA0290264895
:102370000168029806F07EFB0390FEF719FF2749DB
:10238000088008E000202549088023490880214969
:1023900008801F4908802148008803B21E48008831
:1023A00002B21C48008801B21948008800B204F04B
:1023B000D9FB05B0F0BD00006800002074000020CB
:1023C000BC000020700000207C0000208400002061
:1023D00090000020C00000208C0000209800002009
:1023E000A0000020AC000020C4000020A8000020B5
:1023F000B40000207800002080000020940000201D
:102400009C000020B0000020B8000020D000002078
:10241000C8000020CA000020CC000020CE00002010
:1024200010B5024800F012FC10BD0000500300205F
:1024300010B5024800F00AFC10BD0000AC030020FB
:1024400070B50446206C800880000949401860641B
:102450002178084608381421FEF777F80546044825
:102460008030A064E906C90E01208840E06470BD98
:102470000008024002799106890E4A1E9200064B1E
:10248000D2180265044A403242654A1E93079B0FE8
:1024900001229A40826570470009024072B600BF6F
:1024A000FEE70000F0B585B005460C46002003901D
:1024B00002900121C9072869884203D0091D2869B3
:1024C000884200D100E000BF00BF5420405D0128D9
:1024D00002D1022005B0F0BD01215420415500BFBA
:1024E000286803F07AFE002876D16068022874D04C
:1024F0000121C9072869884203D0091D286988423B
:1025000008D128682168826A4B035B0B1A438262F8
:1025100000BFC6E02179CA06D20E0F219140286E75
:10252000884321684903490B002905D11F229206DF
:1025300021681140890E92E02178C907C90F00294E
:1025400001D000218BE0022221681140022901D133
:10255000012184E0042221681140042901D10221D3
:102560007DE0082221681140082901D1032176E08D
:10257000102221681140102901D104216FE020228E
:1025800021681140202901D1052168E040222168FD
:102590001140402901D1062161E0802221681140CB
:1025A000802901D107215AE0FF2201322168114020
:1025B000914201D1082152E00122520221681140CA
:1025C000914201D109214AE0012292022168114081
:1025D000914203D10A2142E0FAE0BAE00122D2029C
:1025E00021681140914201D10B2138E001221203F0
:1025F00021681140914201D10C2130E001225203A7
:1026000021681140914201D10D2128E0012292035D
:1026100021681140914201D10E2120E00122D20314
:1026200021681140914201D10F2118E001221204CA
:1026300021681140914201D1102110E00122520481
:1026400021681140914201D1112108E00122920438
:1026500021681140914201D1122100E0002122792C
:10266000D206D20E91400843286660688008401C5C
:10267000E969884215D82868226861680192836AEE
:10268000CF06FF0E0F22BA4093430F27BF06019AD1
:102690003A40920ECF06FF0EBA401343836200BF4A
:1026A00000BF286821680091A168019142690099E2
:1026B00009028A4300990B024C4F019939400B40A3
:1026C0001A43426100BF2068C00FC007002821D014
:1026D000474803F06DFD06464649206888421AD1F6
:1026E000C0023040002816D1C8023043014640489D
:1026F00003F079FD404941480068FDF726FF401C82
:102700000C214843029002E00298401E0290029879
:102710000028F9D162E03A49206888420AD1800253
:102720003040002806D1880230430146304803F08B
:102730005AFD53E03349206888424FD1400230406F
:1027400000284BD1480230430146294803F04BFD95
:1027500044E00121C9072869884203D0091D28697E
:10276000884208D128682168826A4B035B0B9A4330
:10277000826200BF00BF2068C00FC00700282DD0B4
:102780001B4803F015FD06461A492068884207D108
:10279000C202304690430146154803F024FD1DE077
:1027A00017492068884207D182023046904301468B
:1027B0000F4803F018FD11E01249206888420DD13E
:1027C0004202304690430146094803F00CFD05E003
:1027D000A86D20210843A8650120039000BF0021B7
:1027E0005420415500BF039874E6000000FFFF0726
:1027F00008270140001000B0400D03001800002021
:10280000004000B8002000B4FEB50446002002904D
:10281000002500260190002C01D10120FEBD3C20A6
:10282000005D012800D100BF2069002805D00121EA
:1028300049052069884200D100BFA06D002807D15A
:10284000204600F02DF90020E065002154200155BC
:10285000206803F0BBFC002817D120688168894AF2
:102860001140012212071143816000BF8649874849
:102870000068FDF76AFE401C4000019002E00198EC
:10288000401E019001980028F9D1206803F09EFCB9
:10289000002809D1A06D10210843A065E06D012139
:1028A0000843E06501200290206803F096FC07468B
:1028B000A06D1021084000287ED1002FFCD1A06D12
:1028C0000901884302210843A065206803F076FCD3
:1028D000002872D1217E8903A0680843617EC90364
:1028E0000843A17E49030843216B002902D001213E
:1028F000090300E000210843E16808432169C90F8A
:10290000C907002903D021694900490801E00121D4
:10291000490508432C21095D49000843054320204F
:10292000005D01280ED1A07E002803D10120000403
:10293000054307E0A06D20210843A065E06D01215B
:102940000843E065606A002806D0FF21C131606A53
:102950000840A16A084305432068C0684C49084004
:1029600028432168C8606068800F8007E16C0843D5
:1029700006433C20005D01280BD16068800F800772
:1029800001210843216C0843616C0843A16C084392
:102990000643206800693F490840304321680861C8
:1029A000032189076068884216D0494260688842DE
:1029B00012D04900606801E05BE00DE088420BD076
:1029C000354880680F21890488430F22920461688A
:1029D00011400843304988600021626B206803F091
:1029E00009FC2E49A26B206803F004FC2069002832
:1029F00007D12068806A0F21C94308432168886293
:102A000011E001214905206988420CD1207F401E38
:102A10004007C10E0F20C0438840216E0843216843
:102A2000896A2168886221680020009100994969BB
:102A30000422024007239340194004220240D1405F
:102A4000606B814208D10020E065A06D02218843BF
:102A500001210843A06512E0A06D022188431021E6
:102A60000843A065E06D01210843E0650120029064
:102A700005E0A06D10210843A06501200290029896
:102A8000CCE60000E8FFFF7F400D030018000020A7
:102A90000102DEFF02FCFF1F0027014004FFFF07C9
:102AA00010B586B00446142101A8FDF74CFD184965
:102AB000206888422AD100BF164800680121090514
:102AC00008431449086008460068012109050840C8
:102AD000009000BF00BF00BF0E484038406B01218E
:102AE00008430C49403948630846406BC007C00F93
:102AF000009000BF00BF0220019003200290002040
:102B0000039001A90520000700F0A6F906B010BD4A
:102B100000240140401002400146002901D101205B
:102B200070472520405C022808D00420C86300BFFD
:102B300000222420425400BF0120F1E70868006809
:102B40000E2290430A681060486C0068FF22013230
:102B500090434A6C106008680068400840000A68AA
:102B60001060124840681C230A6C1A4001239340ED
:102B700018430E4A50608A6CC86C5060086D00287B
:102B800009D0086D0068FF22013290430A6D106081
:102B90004A6D886D506001222520425400BF0022FA
:102BA0002420425400BF0020BAE700000000024089
:102BB00070B5044600252520005D022803D00420BE
:102BC000E06301253AE0206800680E21884321680F
:102BD0000860206800684008400021680860606C58
:102BE0000068FF2101318843616C08601448406827
:102BF0001C22216C114001228A4010431049486078
:102C0000A16CE06C4860206D002809D0206D006840
:102C1000FF2101318843216D0860616DA06D48601E
:102C200001212520015500BF00212420015500BFAE
:102C3000A06B002802D02046A16B8847284670BDB3
:102C40000000024001462520405C704770B50446F4
:102C500045480568206806681C20216C0140042056
:102C600088402840002820D00420304000281CD074
:102C70002068006820210840002805D120680068ED
:102C80000421884321680860374840681C22216C71
:102C9000114004228A40104333494860206B0028C9
:102CA00060D02046216B88475CE01C20216C0140ED
:102CB000022088402840002828D0022030400028E8
:102CC00024D02068006820210840002808D120680E
:102CD00000680A21884321680860012125200155E8
:102CE000214841681C22206C10400222824011437E
:102CF0001D48416000BF00212420015500BFE06A4B
:102D000000282FD02046E16A88472BE01C20216C48
:102D10000140082088402840002823D00820304067
:102D200000281FD0206800680E21884321680860B1
:102D30000D4841681C22206C104001228240114342
:102D4000094841600120E06301212520015500BFB1
:102D500000212420015500BF606B002802D02046CE
:102D6000616B884770BD00000000024010B504464A
:102D7000002C01D1012010BD2A4A2168881A142193
:102D8000FDF7E3FB80002064022125200155206827
:102D900000682549084021680860E168A068084388
:102DA0002169084361690843A1690843E16908434F
:102DB000216A0843216809680843216808602046A1
:102DC000FFF73EFB01218903A068884201D1002062
:102DD000606020798006800E616C0860A16CE06CF8
:102DE0004860606800280CD06068042809D8204634
:102DF000FFF740FB0020216D0860616DA06D486009
:102E000003E0002020656065A0650020E0630121EB
:102E10002520015500BF00212420015500BF0020BE
:102E2000A9E70000080002400F80FFFF70B50446CC
:102E300000F00EF906462546681C002802D0054819
:102E400000782D1800BF00F003F9801BA842FAD3C8
:102E500070BD00001400002070B503460A46002132
:102E6000D7E001268E4014683440002C73D01579C9
:102E7000AD07AD0F012D04D01579AD07AD0F022DB3
:102E800018D198684E000325B5400646AE4330463B
:102E90004E00D568B54028439860586801258D409C
:102EA0000646AE4330461026556835402D098D4004
:102EB000284358601579AD07AD0F032D0BD0D868A6
:102EC0004E000325B5400646AE4330464E00956899
:102ED000B5402843D8601579AD07AD0F022D15D147
:102EE000CD08AE001D462035A8594D07EE0E0F2522
:102EF000B5400646AE4330464E07F60E1569B5405E
:102F00002843CD08AD001E462036705118684E008B
:102F10000325B5400646AE4330461579AD07AD0FE3
:102F20004E00B540284318600326360455683540E6
:102F3000002D6DD03A4D8E08B600A8598D07EE0EC3
:102F40000F25B5400646AE43304605252D07AB425A
:102F500002D1002510E05BE0324DAB4201D10125EA
:102F60000AE0314DAB4201D1022505E02F4DAB42C5
:102F700001D1032500E005258E07F60EB540284354
:102F8000274D8E08B600A851254D603D286805469E
:102F9000A54328460126360555683540002D02D048
:102FA0000546254328461E4D603D28606868054655
:102FB000A54328460126760555683540002D02D0E8
:102FC000054625432846164D603D6860144D203562
:102FD00068680546A54328460126760455683540AD
:102FE000002D02D00546254328460D4D203568604A
:102FF00028680546A543284601263604556835400D
:10300000002D02D0054625432846054D2035286071
:10301000491C1568CD40002D00D022E770BD00008E
:10302000601802400004005000080050000C0050DE
:1030300010B5426913460B401B040C4694432343CE
:10304000836110BD002A01D0816100E08162704778
:1030500001480068704700000C0000200246412033
:10306000805C20282FD100BF4020805C012801D146
:103070000220704701234020835400BF24234120B5
:103080008354106800684008400013681860106896
:10309000006801231B0398431368186010680068D8
:1030A0000843136818601068006801231843136808
:1030B000186020234120835400BF00234020835404
:1030C00000BF0020D5E70220D3E710B502460B462B
:1030D0004120805C20282ED100BF4020805C012848
:1030E00001D1022010BD01244020845400BF2424BB
:1030F0004120845410680068400840001468206033
:10310000106801680F2424020846A04301461802F3
:1031100001431068016010680068012420431468AE
:10312000206020244120845400BF00244020845487
:1031300000BF0020D6E70220D4E770477047F8B5FB
:1031400004462068856920680668FF200130284011
:10315000000A00280BD080203040C009002806D08B
:10316000606C01210843606408022168C861012085
:1031700080022840800A00280BD080203040C009FF
:10318000002806D0606C082108436064C8012168EB
:10319000C861012040022840400A00280BD080204E
:1031A0003040C009002806D0606C022108436064EA
:1031B00008022168C861676C0B203840002803D0E2
:1031C0003946204602F0D2FAF8BD70B504462068B0
:1031D000856920680668606B002804D0324629465D
:1031E0002046636B984770BD7047000010B50446D9
:1031F000002C01D1012010BD4120005D002805D127
:10320000002140200155204600F010FA24214120E1
:1032100001552068006840084000216808600F21BF
:103220000906606888432168086120688068012178
:10323000C903884321688860E068012806D101211C
:10324000C903A06808432168886005E0212189023C
:10325000A068084321688860E068022807D12068D8
:1032600040680121C90208432168486006E02068DF
:1032700040680121C902884321684860206840688D
:1032800014490843216848602068C0680121C903C7
:1032900088432168C860616920690843A1690902FF
:1032A00008432168C860216AE06908432168086012
:1032B00020680068012108432168086000206064DC
:1032C000202141200155002020630021422001558A
:1032D000002090E70080000270470000FFB583B037
:1032E00004460C9F0E9E4120005D20287ED1002FB9
:1032F00002D00D98002805D1012040026064012011
:1033000007B0F0BD00BF4020005D012801D10220C0
:10331000F6E701214020015500BFFFF799FE054661
:1033200019230122D1032046009502F098FE0028BF
:1033300001D00120E4E72221412001554021422013
:1033400001550020606467620D986085002060630D
:1033500000960195204604A90EC902F003FD00283D
:1033600006D000BF00214020015500BF0120C7E763
:10337000608DFF280CD9FF20208541480090208DCA
:10338000C2B201231B062046049902F02BFE0BE07B
:10339000608D20853A480090208DC2B201235B06E3
:1033A0002046049902F01EFE00BF3346002204218D
:1033B0002046009502F053FE002801D001209FE72F
:1033C0002068406A616A0870606A401C6062208DF3
:1033D000401E2085608D401E6085608D00282BD0AA
:1033E000208D002828D13346002200E045E08021CE
:1033F0002046009502F033FE002801D001207FE72F
:10340000608DFF280CD9FF20208500200090208DA2
:10341000C2B201231B062046049902F0E3FD0BE033
:10342000608D208500200090208DC2B201235B06B4
:103430002046049902F0D6FD608D0028B5D12A46B9
:103440003146204602F04AFE002801D0012057E70D
:1034500020202168C861206840680A490840216826
:10346000486020214120015500214220015500BF24
:103470004020015500BF002042E7022040E7000045
:103480000024008000E800FEFFB583B004460C9FD6
:103490000E9E4120005D20287ED1002F02D00D9885
:1034A000002805D1012040026064012007B0F0BD72
:1034B00000BF4020005D012801D10220F6E7012174
:1034C0004020015500BFFFF7C3FD05461923012227
:1034D000D1032046009502F0C2FD002801D0012052
:1034E000E4E72121412001554021422001550020DF
:1034F000606467620D9860850020606300960195A6
:10350000204604A90EC902F06DFC002806D000BFB9
:1035100000214020015500BF0120C7E7608DFF2832
:103520000CD9FF20208500200090208DC2B20123FD
:103530001B062046049902F055FD0BE0608D2085A6
:1035400000200090208DC2B201235B062046049922
:1035500002F048FD00BF2A463146204602F0F1FD48
:10356000002801D00120A1E7606A00782168886204
:10357000606A401C6062608D401E6085208D401E28
:103580002085608D00282BD0208D002828D133463F
:1035900000228021204600E043E0009502F05FFD1C
:1035A000002801D0012081E7608DFF280CD9FF2081
:1035B000208500200090208DC2B201231B062046EA
:1035C000049902F00FFD0BE0608D20850020009033
:1035D000208DC2B201235B062046049902F002FD51
:1035E000608D0028B7D12A463146204602F076FD8C
:1035F000002801D0012059E720202168C8612068F7
:10360000406809490840216848602021412001554F
:1036100000214220015500BF4020015500BF00207D
:1036200044E7022042E7000000E800FE10B586B043
:103630000446142101A8FCF786FF1D492068884232
:1036400033D100BF1B48406B02210843194948632E
:103650000846406B02210840009000BF00BF0320D5
:103660004003019012200290002003900490062055
:10367000059001A91048FFF7EFFB00BF0D48C06B94
:103680000121890508430B49C8630846C06B012125
:1036900089050840009000BF00BF00221146182095
:1036A00000F094F8182000F07FF806B010BD00007C
:1036B000005800400010024000040050704770475E
:1036C00003480068034909784018014908607047B9
:1036D0000C0000201400002010B5002408480068E9
:1036E000FF210131084306490860032000F00AF871
:1036F000002801D0012401E000F034F8204610BD7C
:1037000000200240F8B50446002513480078002840
:103710001ED0114801787D20C000FCF716FF074637
:1037200039460E480068FCF710FF064600F0C4FD5D
:1037300000280BD1042C07D200222146401E00F0A5
:1037400045F80748046004E0012502E0012500E097
:1037500001252846F8BD00001400002018000020B4
:103760001000002008B500BF0E4800680121084382
:103770000C49086008460068C007C00F009000BFF1
:1037800000BF00BF07484038C06B890508430549A2
:103790004039C8630846C06B09040840009000BF68
:1037A00000BF08BD401002400146002909DB00BFF0
:1037B00000BFCB06DB0E01229A40034B1A6000BF0C
:1037C00000BF00BF7047000000E100E070B5044694
:1037D0000D4616462946204604F0C0FC70BD000088
:1037E00070B504461148006803214902884320430C
:1037F0000E4908604815844216D10D490968062211
:10380000514308460B49FCF7A0FE451C05E0002D7E
:1038100001D06D1E01E0032070BD04484069012104
:10382000890208408842F2D00020F5E7007000408D
:103830001800002040420F00FEB50446002700207B
:103840000290012149042068084088427BD1002071
:1038500001907048C06BC902084000280ED100BF1B
:103860006C48C06B08436B49C8630846C06B0904C9
:103870000840009000BF00BF01200190664800682A
:10388000FF210131084364490860FFF7E1FB064668
:1038900006E0FFF7DDFB801B022801D9032706E0C5
:1038A0005D480068FF21013108400028F1D000BFC9
:1038B000002F4BD157484030C569032109020D4004
:1038C000002D1AD06069A84217D052484030C06914
:1038D000884305464F484030C06901210904084328
:1038E0004C494031C8610846C06901210904884338
:1038F00048494031C8610846C561E807C00F002843
:1039000013D0FFF7A5FB064607E0FFF7A1FB801BDE
:103910004249884201D9032706E03E484030C06949
:10392000022108400028F0D000BF002F0CD13948F8
:103930004030C06903210902884361690843354961
:103940004031C86103E00DE0029700E00297019862
:10395000012806D12F48C06B0121090788432D4952
:10396000C86300BF2078C007C00F002809D02948CD
:103970004030406980088000616808432549403133
:10398000486120212068084020280AD12148403081
:103990004069032109038843A16808431D49403158
:1039A00048610121890320680840884213D11948E1
:1039B0004030406980008008216908431549403142
:1039C000486109062069884205D11248C0688913F8
:1039D00008431049C8600121C90220680840884294
:1039E00015D10C4840304069032189038843E168C0
:1039F000084308494031486101218903E068884251
:103A000005D10448C068890008430249C86002988B
:103A1000FEBD00000010024000700040881300004E
:103A200070B504460D46002C01D1012070BD6B48D5
:103A300000684007400FA84218D268480068C008D4
:103A4000C000284365490860FFF702FB064607E00F
:103A5000FFF7FEFA801B6249884201D90320E5E79F
:103A60005E4800684007400FA842F1D1022120685B
:103A70000840022815D1042120680840042807D1F5
:103A800058488068072109038843401855498860D1
:103A9000544880680F2109028843A16808435149AE
:103AA00088602078C007C00F002854D060680128C3
:103AB00008D14C48006801214904084000282ED153
:103AC0000120B3E76068022808D146480068012158
:103AD00049060840002822D10120A7E76068002895
:103AE00008D140480068012189020840002816D109
:103AF00001209BE76068032808D13A484030006AFB
:103B00000221084000280AD101208FE735484030C3
:103B1000C06902210840002801D1012086E7314810
:103B20008068C008C000616808432E498860FFF7BC
:103B30008FFA064607E0FFF78BFA801B2849884278
:103B400001D9032072E7274880683821084061685E
:103B5000C9008842EFD1214800684007400FA842C1
:103B600018D91E480068C008C00028431B490860D7
:103B7000FFF76EFA064607E0FFF76AFA801B18495E
:103B8000884201D9032051E7144800684007400FDC
:103B9000A842F1D1042120680840042808D1114826
:103BA0008068072109038843E16808430D4988605C
:103BB00000F03AF80B4989680F2212021140090AF5
:103BC0008900094A515CC906C90EC8400749086006
:103BD00007480068FFF796FD28E700000020024034
:103BE0008813000000100240908B0008180000208D
:103BF00010000020014800687047000018000020F5
:103C000000B5FFF7F7FF0649896807221203114044
:103C1000090B8900034A515CC906C90EC84000BDA2
:103C200000100240D08B0008FEB53548806838216E
:103C3000084000280DD13248006809020840C10A36
:103C40000120884000902F480099FCF77EFC044634
:103C500054E02B48806838210840082801D12A4CBC
:103C60004CE02748806838210840102834D1244887
:103C7000C0688607B60F2248C06870210840000956
:103C8000401C0190022E0FD0032E0CD11E4801992A
:103C9000FCF75BFC1A49C9687F2212021140090A2D
:103CA000484305460DE000BF16480199FCF74DFC5E
:103CB0001349C9687F2212021140090A4843054688
:103CC00000BF00BF0E48C068400F471C3946284659
:103CD000FCF73BFC044611E00948806838210840A5
:103CE000202801D1840209E0054880683821084075
:103CF000182802D17D24240200E000242046FEBDC5
:103D0000001002400024F40000127A00FEB50446C0
:103D1000002C01D10120FEBD2078C007C00F002873
:103D20006FD0F748876838210F40C0688607B60F04
:103D3000102F01D1032E01D0082F0BD1F0480068BD
:103D400001214904084000285BD06068002858D150
:103D50000120E0E700BF012109046068884205D125
:103D6000E74800680843E649086021E005210904A6
:103D7000606888420ED1E248006801218904084346
:103D8000DF49086008460068012109040843DC494E
:103D900008600DE0DA480068012109048843D84929
:103DA000086008460068012189048843D4490860F6
:103DB00000BF6068002812D0FFF74AF9054606E008
:103DC000FFF746F9401B642801D90320A3E7CC483C
:103DD00000680121490408400028F1D011E0FFF7F4
:103DE00037F9054606E0FFF733F9401B642801D98F
:103DF000032090E7C24800680121490408400028D8
:103E0000F1D1022120680840022873D1BC488068A3
:103E1000382108400746BA48C0688607B60F102FF9
:103E200001D1022E01D0002F36D1B5480068012102
:103E300089020840002804D0E068002801D1012050
:103E400069E7AF4840687F21090288436169090238
:103E50000843AB494860002F16D108460068072187
:103E6000C902884321690843A549086008460068DB
:103E70000722D2021040C20A012090400146A14808
:103E8000FCF763FBA0490860A0480068FFF73AFC14
:103E9000002849D001203EE7E06800282BD0984850
:103EA00000680721C90288432169084394490860D2
:103EB000084600688915084391490860FFF7C8F86B
:103EC000054606E0FFF7C4F8401B022801D903208D
:103ED00021E78B4800680121890208400028F1D0C1
:103EE000874840687F2109028843616909020843C5
:103EF0008349486018E082480068FF210131884307
:103F00007F490860FFF7A4F8054606E0FFF7A0F830
:103F1000401B022801D90320FDE6794800680121F1
:103F2000890208400028F1D10821206808400828AB
:103F300049D1734880683821084018280BD170484F
:103F40004030006A0221084000283CD0A0690028C7
:103F500039D10120DFE6A06900281AD06848403036
:103F6000006A01210843664940310862FFF770F892
:103F7000054606E0FFF76CF8401B022801D9032034
:103F8000C9E65F484030006A022108400028F1D0AD
:103F900019E05B484030006A400840005849403111
:103FA0000862FFF755F8054606E0FFF751F8401B99
:103FB000022801D90320AEE651484030006A0221B0
:103FC00008400028F1D104212068084004287CD151
:103FD000002001904A4880683821084020280BD1F1
:103FE00047484030C0690221084000286ED0A068D0
:103FF00000286BD101208EE64148C06B010F0120E3
:104000008843002810D000BF3D48C06B012109073C
:1040100008433B49C8630846C06B09040840009048
:1040200000BF00BF0120019039480068FF21013125
:104030000840002816D13648006808433449086013
:10404000FFF706F8054606E0FFF702F8401B0228D6
:1040500001D903205FE62E480068FF2101310840A6
:104060000028F1D000BFA068012808D124484030C2
:10407000C0690121084322494031C86120E0A0689D
:1040800005280FD11E484030C069042108431C494F
:104090004031C8610846C0690121084318494031D0
:1040A000C8610DE016484030C06941084900144815
:1040B0004030C161C0690421884311494031C86161
:1040C00000BFA068002816D001E040E03EE0FEF707
:1040D000BFFF054607E0FEF7BBFF401B0D498842C6
:1040E00001D9032017E606484030C0690221084084
:1040F0000028F0D01EE0FEF7ABFF054614E00000FC
:10410000001002400024F4001800002010000020DD
:104110000070004088130000FEF79AFF401B6249C0
:10412000884201D90320F6E56048C06902210840B1
:104130000028F1D10198012808D15C484038C06BB3
:1041400001210907884359494039C86300BFE06924
:1041500000285AD055484038806838210840102837
:104160007AD0E069022851D15048403800680121D6
:10417000090688434D4940390860FEF769FF054646
:1041800006E0FEF765FF401B022801D90320C2E5C7
:104190004648403800680121490608400028F0D10F
:1041A000616A206A0843A16A09020843E16A084378
:1041B000216B08433D494039C9683D4A11400843D5
:1041C0003A494039C8600846006801210906084399
:1041D0003649403908600846C06809040843334935
:1041E0004039C860FEF734FF054606E0FEF730FFB1
:1041F000401B022801D903208DE52C484038006877
:104200000121490608400028F0D04AE027484038FC
:104210000068012109068843244940390860FEF7F7
:1042200017FF054606E0FEF713FF401B022801D9E1
:10423000032070E51D484038006801214906084008
:104240000028F0D119484038C0681A490840174979
:104250004039C86025E0FFE7E069012800D15AE550
:1042600012484038C668B107890F206A814216D1CA
:1042700070203040616A884211D17F2000023040B6
:10428000A16A090288420AD11F2040043040E16A35
:10429000884204D1710F4907206B814201D001206F
:1042A00039E5002037E50000881300004010024087
:1042B0008C80C11FFCFFFEEF70B504462546681ECA
:1042C0000949884201D901200CE0681E074948616C
:1042D0000321081F03F042FF0020044988610720E2
:1042E0000861002070BD0000FFFFFF0000E000E05B
:1042F000704770477047000010B50346002200BFAA
:104300003C20C05C012801D1022010BD01243C20CA
:10431000C45400BF100A0002CC6820430246104675
:1043200003242402A0438C68204302461046012443
:10433000A402A0434C682043024610460124E40234
:10434000A0430C6820430246104601242403A043E6
:104350000C6920430246104601246403A0434C69C3
:104360002043024610460124A403A0430C6B2043C3
:10437000024610460F242404A0430C8B240420433F
:104380000246104601242407A043CC69204302467C
:10439000144C1868A0421CD110460F242405A043D9
:1043A0000C8D240520430246104601242406A04318
:1043B0000C6A20430246104601246406A0434C6A5E
:1043C00020430246104601246407A043CC6A2043E0
:1043D00002461868426400BF00243C20C45400BF59
:1043E000002092E7002C014030B502460B4600BF8A
:1043F0003C20805C012801D1022030BD01253C20F9
:10440000855400BF02253D2085541068416810681E
:104410008468164D1068A84206D10F252D05084660
:10442000A84301465868014370250846A843014641
:1044300018680143106841600C4D1068A84203D011
:104440000B4D1068A84207D180252046A84304469A
:10445000986804431068846001253D20855400BF9E
:1044600000253C20855400BF0020C6E7002C0140F9
:104470000004004010B50446002C01D1012010BDFD
:104480003D20005D002805D100213C20015520463B
:1044900000F026F802213D200155211D206802F080
:1044A00045FC01214820015500BF3E2001553F2019
:1044B000015540200155412001554220015543201E
:1044C000015500BF00BF442001554520015546203D
:1044D00001554720015500BF3D2001550020CEE782
:1044E00038B504461F49206888421ED100BF1E48C7
:1044F0000068C91408431C49086008460068C914CC
:104500000840009000BF00BF002211460D20FFF7B9
:104510005DF90D20FFF748F9002211460E20FFF744
:1045200055F90E20FFF740F91BE01049206888423A
:1045300017D100BF0C484038C06B022108430A491C
:104540004039C8630846C06B02210840009000BF94
:1045500000BF002211461020FFF738F91020FFF7A6
:1045600023F938BD002C01404010024000040040F7
:10457000F8B504460D460020009000BF3C20005DC9
:10458000012801D10220F8BD01213C20015500BFC6
:1045900002213D200155206886683A480640FF21E7
:1045A00009023046884306462068866028685028FD
:1045B00034D00CDC202851D004DC00284CD010284A
:1045C00052D14AE030284AD040284DD13AE0602804
:1045D0002ED0702807D001210903401A02D0401ABA
:1045E00042D10DE043E0EB686A68A968206802F0F8
:1045F000FEFB20688668772006432068866036E0E8
:10460000EB686A68A968206802F0F1FB206880689E
:104610000121890308432168886028E0EA68696805
:10462000206802F099FD5021206802F0EFFB1EE0A7
:10463000EA686968206802F0A8FD6021206802F03D
:10464000E5FB14E0EA686968206802F085FD402116
:10465000206802F0DBFB0AE000BF00BF00BF296852
:10466000206802F0D3FB02E00120009000BF00BFF1
:1046700001213D20015500BF00213C20015500BF14
:10468000009880E788FFCEFF7047000070B50446B1
:104690002068C6682068056902202840022819D1D0
:1046A0003040022816D1401F216808610120207780
:1046B000206880698007800F002803D02046FFF71C
:1046C000E3FF05E0204600F0FFF8204600F0F1F996
:1046D000002020770420284004281AD130400428E4
:1046E00017D1C043216808610220207720688069C3
:1046F000032109020840002803D02046FFF7C4FF29
:1047000005E0204600F0E0F8204600F0D2F9002055
:10471000207708202840082819D13040082816D1D1
:10472000C04321680861042020772068C0698007A1
:10473000800F002803D02046FFF7A6FF05E02046A3
:1047400000F0C2F8204600F0B4F9002020771020D5
:10475000284010281AD13040102817D1C0432168B2
:104760000861082020772068C069032109020840F9
:10477000002803D02046FFF787FF05E0204600F021
:10478000A3F8204600F095F900202077E807C00F35
:1047900000280AD0F007C00F002806D00120C0432F
:1047A00021680861204600F00FFA80202840802808
:1047B00006D001204003284001214903884209D145
:1047C00080203040802805D11848216808612046A3
:1047D000FFF78FFDFF2001302840FF210131884283
:1047E00009D180203040802805D1C8432168086164
:1047F0002046FFF77DFD40202840402808D130406A
:10480000402805D1C04321680861204600F034FAF1
:1048100020202840202808D13040202805D1C0433E
:10482000216808612046FFF765FD70BD7FDFFFFF4F
:1048300010B586B00446142101A8FBF784FE1F4979
:104840002068884237D100BF1D48406B01210843D2
:104850001B4948630846406BC007C00F009000BF6B
:1048600000BF00BF0846406B02210843144948635B
:104870000846406B02210840009000BF00BF09209D
:104880000002019002200290002003900490022078
:10489000059001A905200007FEF7DEFA48200190E7
:1048A000022002900020039004900120059001A9AD
:1048B0000448FEF7D1FA06B010BD0000002C0140FC
:1048C00000100240000400507047F8B504460D4641
:1048D0001646002700BF3C20005D012801D10220C0
:1048E000F8BD01213C20015500BF0C2E54D006DC40
:1048F000002E09D0042E1ED0082E7ED135E0102EB9
:1049000064D0142EF9D179E02946206802F08AFAA1
:1049100020688069082108432168886120688069CF
:1049200004218843216888612068806929690843D7
:10493000216888617EE02946206802F0C1FA20687B
:1049400080690121C9020843216888612068806963
:10495000012189028843216888612068806929696A
:10496000090208432168886164E02946206802F052
:10497000FDFA2068C069082108432168C8612068E1
:10498000C069042188432168C8612068C069296919
:1049900008432168C8614DE02946206802F03AFBCF
:1049A0002068C0690121C90208432168C8612068E4
:1049B000C0690121890288432168C8612068C069F3
:1049C0002969090208432168C86133E02946206843
:1049D00002F05AFB2068406D0821084321684865B1
:1049E0002068406D04218843216848652068406D37
:1049F00029690843216848651CE019E029462068B8
:104A000002F076FB2068406D0121C902084321684D
:104A100048652068406D0121890288432168486506
:104A20002068406D2969090208432168486501E052
:104A3000012700BF00BF00BF00213C20015500BF7F
:104A400038464DE710B50446002C01D1012010BDB9
:104A50003D20005D002805D100213C200155204665
:104A600000F026F802213D200155211D206802F0AA
:104A70005DF901214820015500BF3E2001553F202E
:104A80000155402001554120015542200155432048
:104A9000015500BF00BF4420015545200155462067
:104AA00001554720015500BF3D2001550020CEE7AC
:104AB0007047704770B504460D46002D02D13E2068
:104AC000005D15E0042D02D13F20005D10E0082DAF
:104AD00002D14020005D0BE00C2D02D14120005D91
:104AE00006E0102D02D14220005D01E04320005D70
:104AF000012801D0012070BD002D03D102213E20EC
:104B000001551AE0042D03D102213F20015514E084
:104B1000082D03D10221402001550EE00C2D03D1B8
:104B200002214120015508E0102D03D1022142202D
:104B3000015502E002214320015501222946206847
:104B400002F044F91B492068884207D01A492068BE
:104B5000884203D019492068884201D1012000E031
:104B60000020002806D02068406C0121C9030843BA
:104B7000216848640F492068884203D010492068A2
:104B800088420FD1206886680E490E40062E0FD04D
:104B9000C81F86420CD020680068012108432168A4
:104BA000086005E02068006801210843216808606A
:104BB0000020A0E7002C01400044014000480140D3
:104BC0000004004007000100F0B597B004461E49FC
:104BD0002068884235D11D4801F036FD0C221B4962
:104BE00007A8FBF751FC07A807C801F013FB1848FA
:104BF0000068FCF78DFA05460E4616480068FCF77B
:104C000087FA0991089014480068FCF781FA059624
:104C100004950791069009990898039102900799C5
:104C200006980EA20191009032210AA8FBF7FCFA27
:104C30000746BAB20023DB430AA90E4800F038FC4D
:104C400000BF17B0F0BD00000004004008040020C1
:104C50001C0000202000002024000020523A252EB5
:104C600032662C503A252E32662C593A252E326661
:104C70000D0A0000280200207047014600BF842072
:104C8000405C012801D10220704701238420435455
:104C900000BF242388204350086802680868006821
:104CA000400840000B68186001235B0710469843DA
:104CB000024600204866086802602023882043508E
:104CC00000BF00238420435400BF0020DCE770476E
:104CD000704770B504460D4600BF8420005D012872
:104CE00001D1022070BD01218420015500BF242183
:104CF000882001512068066820680068400840004C
:104D00002168086020688068072149068843284395
:104D100021688860204602F051FA20680660202150
:104D20008820015100BF00218420015500BF0020D0
:104D3000D8E770B504460D4600BF8420005D012809
:104D400001D1022070BD01218420015500BF242122
:104D500088200151206806682068006840084000EB
:104D60002168086020688068C000C0082843216866
:104D70008860204602F022FA206806602021882000
:104D8000015100BF00218420015500BF0020D9E758
:104D90007047704770470000F0B585B00446206842
:104DA000C5692068066820688768FA48284003902B
:104DB0000398002814D120202840002810D020205B
:104DC0003040002804D1012000073840002807D0D7
:104DD000606F002802D02046616F884705B0F0BDA3
:104DE000039800287ED0EC483840002803D1EB48D7
:104DF00030400028F6D0E807C00F00280DD0FF2073
:104E000001303040002808D001202168086290203D
:104E10000059012108439021085102202840002810
:104E20000CD0F807C00F002808D0022021680862C3
:104E30009020005904210843902108510420284063
:104E400000280CD0F807C00F002808D004202168E3
:104E5000086290200059022108439021085108203F
:104E60002840002810D020203040002803D1CA4814
:104E70003840002808D00820216808629020005996
:104E800008210843902108510120C0022840002831
:104E90000ED0012080063040002809D00120C00239
:104EA0002168086290200059202108439021085170
:104EB0009020005900285ED02020284000280ED0E5
:104EC00020203040002804D101200007384000286D
:104ED00005D0606F002802D02046616F884790207F
:104EE000005900E048E002902068806840210840B6
:104EF000402804D0282102980840002835D02046B8
:104F000002F096FA2068806840210840402828D1A5
:104F100000BF03F05FF90190012003F0C7F920689A
:104F200080684021884321688860019803F0BEF9B9
:104F300000BF8020005900280FD0994980200059D7
:104F4000816380210859FDF733FE002813D08022A9
:104F500010591259916B88470DE02046FFF71AFF50
:104F600009E02046FFF716FF05E02046FFF712FF95
:104F700000219020015131E7E06E01287ED1102000
:104F8000284000287AD0102030400028FAD0102085
:104F9000216808622068806840210840402876D156
:104FA000802000590068406880B201900198002874
:104FB0006CD05C20015B0198814267DD5E21019825
:104FC000085380200059006800682021084000280C
:104FD0004DD100BF03F0FEF80090012003F066F908
:104FE00020680068FF21013188432168086000982B
:104FF00003F05CF900BF00BF03F0ECF80090012063
:1050000003F054F9206880684008400021688860F7
:10501000009803F04BF900BF00BF03F0DBF80090ED
:10502000012003F043F9206880684021884321680B
:105030008860009803F03AF900BF20218C200151CC
:105040000020E06600BF03F0C5F80090012003F0E7
:105050002DF92068006810218843216808600098B5
:1050600003F024F900BF80210859FDF755FD022007
:1050700020675C20025B5E20005B02E057E006E0F8
:1050800004E0101A81B22046FFF721FEA6E65C205C
:10509000015B5E20005B081A80B201905E20005B1D
:1050A000002843D00198002840D000BF03F092F8B8
:1050B0000090012003F0FAF820680068FF212131F8
:1050C000884321680860009803F0F0F800BF00BF33
:1050D00003F080F80090012003F0E8F82068806871
:1050E0002D49C943084021688860009803F0DEF824
:1050F00000BF20218C2001510020E066606700BFC6
:1051000003F068F80090012003F0D0F820680068F0
:105110001021884321680860009803F0C7F800BF99
:105120000220206720460199FFF7D1FD56E60120B5
:105130000005284000280CD00120800538400028B8
:1051400007D001200005216808622046FFF721FEF4
:1051500044E68020284000280FD0802030400028DE
:1051600004D10120C0053840002806D0A06F0028D7
:1051700002D02046A16F884730E640202840002812
:1051800010D04020304000280CD0204602F092F988
:1051900024E600000F0800000100001020010004B8
:1051A000197400080120C0052840002808D00120FB
:1051B00080073040002803D02046FFF7E9FD0DE6C8
:1051C000012000062840002807D0F00FC007002863
:1051D00003D02046FFF77CFD00E600BFFEE510B5DA
:1051E0000446002C01D1012010BDA069002800D088
:1051F00000E000BF88200059002805D1002184204C
:105200000155204600F02CF8242188200151206807
:1052100000684008400021680860A06A002802D0A9
:10522000204601F0FFFF204602F0BCFC012800D11F
:10523000DAE7206840680921C9028843216848608C
:10524000206880682A218843216888602068006877
:105250000121084321680860204602F05BF8C3E79B
:1052600010B58CB00446142107A8FBF76CF918217F
:1052700001A8FBF768F95B49206888423AD1012010
:1052800001900020029001A8FEF7D6FA002801D074
:10529000FDF704F900BF5448006801218903084361
:1052A00051490860084600680121890308400090C0
:1052B00000BF00BF00BF4C484038406B012108438D
:1052C0004949403948630846406BC007C00F009009
:1052D00000BF00BF0320400207900220089000207A
:1052E00009900A9001200B9007A905200007FDF7FF
:1052F000B3FD75E03D492068884271D100BF3A484E
:105300004038C06B01214904084337494039C8631C
:105310000846C06B012149040840009000BF00BF4F
:1053200000BF31484038406B012108432E494039C5
:1053300048630846406BC007C00F009000BF00BF25
:105340000C20079002200890002009900A9001206C
:105350000B9007A905200007FDF77EFD244825498D
:10536000086034204860002122488160C1608021AB
:105370000161002141618161C1610162FDF7F6FCBB
:10538000002801D0FDF78AF800BF1A49802001519A
:105390000846846200BF164814301749086035205B
:1053A00048601021144881600021C16080210161A2
:1053B000002141618161C1610162FDF7D7FC0028D4
:1053C00001D0FDF76BF800BF0B48E067846200BFB7
:1053D000002211461C20FEF7F9F91C20FEF7E4F923
:1053E0000CB010BD003801404010024000440040A5
:1053F0000800024050030020AC030020F8B504462A
:105400000D4616468C200059202834D1002D01D09D
:10541000002E01D10120F8BD01210903A0688842B6
:1054200008D12069002805D1E807C00F002801D065
:105430000120F0E70020E066206840680121C905EE
:105440000840002811D000BF02F0C4FE074601202A
:1054500002F02CFF206800680121890608432168BA
:105460000860384602F022FF00BF32462946204637
:1054700002F08AFCCFE70220CDE7000010B5044619
:10548000084884420CD10848007803F0EFF8FF2365
:10549000F53301220449054800F00AF803F0DAF870
:1054A00010BD0000BC0200200900002028020020DE
:1054B000FFB583B004460D461746882000592028C2
:1054C0006DD1002D01D0002F02D1012007B0F0BD19
:1054D00001210903A068884208D12069002805D16C
:1054E000E807C00F002801D00120EFE7002190203D
:1054F0000151212188200151FDF7AAFD019054207E
:1055000007535620075301210903A068884205D19B
:105510002069002802D10026029502E02E460020D4
:10552000029024E006980090002280212046019BF2
:1055300002F0FAFC002804D0202188200151032029
:10554000C4E7002E09D102980088C005C00D21686B
:1055500088620298801C029003E03078216888629B
:10556000761C5620005B401E81B256200153562007
:10557000005B0028D6D106980090002240212046EA
:10558000019B02F0D1FC002804D020218820015189
:1055900003209BE7202188200151002096E702206C
:1055A00094E7704700BFFEE710B5084800688069BF
:1055B000072109020840002803D00448FDF7BFFD79
:1055C00002E00248FDF701FE10BD00003C01002092
:1055D00070B50546AC6AA06B002802D00020A16B14
:1055E0008863E06B002802D00020E16B88632046CE
:1055F00000F016FD70BD10B502460020CB07DB0F92
:10560000002B09D04223184341239B5C28242340CC
:10561000282B01D0B023184302230B40022B09D1C1
:105620004423184341239B5C28242340282B01D08A
:10563000B02318430123DB030B400124E403A342FE
:1056400001D1B8231843102901D1902318432029F0
:1056500001D120231843402901D140231843136866
:105660001B6883431468236010BD016889690222A6
:1056700011404908002902D00021026891620168A6
:105680008969C907C90F012251405140002904D13D
:10569000016889691143026891617047F8B5044651
:1056A0004120005D28210840282856D120688069C3
:1056B000012109040840070C206880697F21490402
:1056C0000840050C206880688605B60D2068C06813
:1056D000FE2108400090E06802282ED106202840D4
:1056E000F11106221140884216D13546A06C401CAB
:1056F000A064A06C022838D10020A0640820216892
:10570000C86100BF00214020015500BF2A4639462C
:105710002046FDF713FD28E0009D0121C903204626
:10572000FFF769FF00BF00214020015500BF2A4656
:1057300039462046FDF702FD17E00121C903204646
:10574000FFF759FF00BF00214020015500BF2A4646
:1057500039462046FDF7F2FC07E008202168C861C1
:1057600000BF00214020015500BFF8BDF8B5044638
:105770000F464120065D0021422001554E48E0625F
:1057800000206085606C38436064282E03D0292E89
:1057900001D02A2E09D103212046FFF72CFF282112
:1057A000412001554548606326E045492046FFF702
:1057B00022FF2046FFF759FF4120005D602819D0E5
:1057C00020214120015520688069084040090028B7
:1057D00010D020688069102108400009002806D0F8
:1057E00010202168C861606C042108436064202097
:1057F0002168C86100206063256BA06B002829D058
:10580000112D01D0212D25D12068006801218903A7
:105810000840884204D120680068884321680860F5
:10582000A06BFDF70FFA012810D02648A16B886302
:1058300000BF00214020015500BFA06BFDF7B8F963
:10584000002837D0A06B816B884733E0204600F0FA
:10585000E7FB2FE0E06B002829D0122D01D0222D8C
:1058600025D1206800680121C9030840884204D17D
:1058700020680068884321680860E06BFDF7E2F962
:10588000012810D00F48E16B886300BF0021402041
:10589000015500BFE06BFDF78BF900280AD0E06BE3
:1058A000816B884706E0204600F0BAFB02E0204604
:1058B00000F0B6FBF8BD00000000FFFF655E0008C9
:1058C00003800000D155000870B504460D461A4803
:1058D000E062002020632021412001550021422068
:1058E000015500206063042028408008002813D060
:1058F0002068406A616A0870606A401C6062208D9E
:10590000002809D0208D401E2085608D401E6085B6
:10591000606C04210843606408492046FFF76BFE71
:1059200010202168C86100BF00214020015500BF40
:105930002046FDF7D1FC70BD0000FFFF0380000092
:10594000F3B581B00446206800680090029EE76AC3
:105950004120055D20202168C861212D01D0292D1D
:1059600006D17F492046FFF746FE2120206314E040
:10597000222D01D02A2D07D17949491C2046FFF755
:105980003AFE2220206308E0282D06D17449891CA4
:105990002046FFF730FE0020206320684068012188
:1059A000C903084321684860206840686D49084081
:1059B000216848602046FFF758FE012189030098BE
:1059C0000840800B00280CD02068006888432168BC
:1059D0000860A06B002817D0A06B00684068608545
:1059E00012E00121C90300980840C00B00280BD029
:1059F00020680068884321680860E06B002803D0B5
:105A0000E06B006840686085042030408008002812
:105A100013D004213046884306462068406A616AF4
:105A20000870606A401C6062208D002805D0208DBF
:105A3000401E2085608D401E6085608D002803D04B
:105A4000606C042108436064102030400009002885
:105A500039D01021009808400009002833D0608D0B
:105A6000002820D14120005D282807D14805874221
:105A700004D131462046FFF727FF24E04120005D96
:105A800029280CD13848874209D010202168C861E4
:105A90002046FFF7EAFD204600F068F813E01020EA
:105AA0002168C8610FE010202168C861606C042182
:105AB00008436064002F02D08805874203D1616CDF
:105AC0002046FFF753FE002142200155002060636D
:105AD000606C00280CD0616C2046FFF747FE412027
:105AE000005D28283AD131462046FFF7EDFE35E02B
:105AF000E06A1D49884212D0204600F037F81A4863
:105B0000E0622021412001550020206300BF0021D8
:105B10004020015500BF2046FDF7DEFB1EE041207E
:105B2000005D22280DD12021412001550020206355
:105B300000BF00214020015500BF2046FDF7BEFDFB
:105B40000CE02021412001550020206300BF0021EE
:105B50004020015500BF2046FDF7B1FDFEBD00000D
:105B60000180000000E800FE0000FFFF70B5044661
:105B7000206805680021422001550120800328404B
:105B8000800B002807D02068006801218903884322
:105B9000216808600CE00120C0032840C00B0028E9
:105BA00006D0206800680121C90388432168086085
:105BB0004120005D292811D12821412001552120B3
:105BC000206301212046FFF716FD00BF0021402081
:105BD000015500BF2046FDF772FD14E04120005D35
:105BE0002A2810D12821412001552220206302219A
:105BF0002046FFF700FD00BF00214020015500BFF7
:105C00002046FDF75BFD70BDF7B584B004460E4637
:105C100000200390206887690025069802901020D4
:105C20003840102854D12168C8613DE0701C00281C
:105C30003AD0FDF70DFA0299401AB04201D8002E71
:105C400032D1206840680121890308400190422038
:105C5000005D00902068806949000840C00B002862
:105C60000ED04910019888420AD00098202807D009
:105C700020684068084321684860FDF7E9F9029010
:105C80000AE0FDF7E5F90299401A192804D9202005
:105C900005430120039006E0206880692021084028
:105CA00040090028EDD000BF20688069202108400D
:105CB0004009002802D103980028B7D00398002893
:105CC00002D120202168C8610420054301200390EF
:105CD00020688769FF2001303840FF210131884268
:105CE00006D10120054300022168C861012003900C
:105CF00001208002384001218902884206D1082013
:105D00000543C0012168C8610120039001204002C1
:105D1000384001214902884206D102200543000291
:105D20002168C861012003900398002815D02046FF
:105D3000FFF79BFC206840680949084021684860DB
:105D4000606C2843606420214120015500214220DD
:105D5000015500BF4020015500BF039807B0F0BDBA
:105D600000E800FEFFB581B0044615461E460A9FB6
:105D70001B48F2B2002300902046029900F032F94D
:105D8000394620460B9A00F0DCF9002802D00120A9
:105D900005B0F0BD012E03D1E8B22168886211E0A0
:105DA000FF20000228400012216888623946204600
:105DB0000B9A00F0C6F9002801D00120E8E7E8B20C
:105DC000216888620B983B460022402100902046C3
:105DD00000F045F9002801D00120D9E70020D7E7DD
:105DE00000200080FFB581B0044615461E460A9F7C
:105DF0001B48F2B2C30200902046029900F0F2F86C
:105E0000394620460B9A00F09CF9002802D0012068
:105E100005B0F0BD012E03D1E8B22168886211E01F
:105E2000FF2000022840001221688862394620467F
:105E30000B9A00F086F9002801D00120E8E7E8B2CB
:105E4000216888620B983B46002280210090204602
:105E500000F005F9002801D00120D9E70020D7E79C
:105E600000200080F7B504461646E56A019F00BF92
:105E70004020005D012801D10220FEBD012140200B
:105E8000015500BF202038404009002809D02020BB
:105E900030404009002804D039462046FFF750FD25
:105EA00096E010203840000900283AD010203040F9
:105EB0000009002835D0608D002821D14120005DE7
:105EC000282808D101204006854204D139462046C1
:105ED000FFF7FAFC7CE04120005D29280CD1404806
:105EE000854209D010202168C8612046FFF7BDFB1C
:105EF0002046FFF73BFE6BE010202168C86167E099
:105F000010202168C861606C042108436064002D82
:105F100002D0880585425BD1616C2046FFF726FCE4
:105F200056E004203840800800281ED0042030406D
:105F30008008002819D0608D00280CD02068406AA5
:105F4000616A0870606A401C6062208D401E208576
:105F5000608D401E6085608D002839D120488542C3
:105F600036D02046FFF702FE32E008203840C00855
:105F7000002809D008203040C008002804D0394645
:105F80002046FFF78BFB23E0022038404008002822
:105F90001ED0022030404008002819D0608D002813
:105FA0000DD0606A007821688862606A401C606277
:105FB000608D401E6085208D401E208508E00120F8
:105FC0000006854201D0002D02D12046FFF7CEFD0C
:105FD00000BF00214020015500BF00204DE7000018
:105FE0000000FFFFF8B5069C8D05AD0D1604FF27D8
:105FF0003F043E4035431D4325436D006D08009529
:1060000005686E68650D0127BF023D40034F3D43A3
:10601000AE43009D2E4305686E60F8BDFF63FF032D
:1060200010B504464120005D60280DD1202141209B
:1060300001550020206300BF00214020015500BF12
:106040002046FDF77AF809E00020206300BF002118
:106050004020015500BF2046FDF7C6F810BDF8B539
:1060600004460D4617461E462CE031462046069A49
:10607000FFF7CAFD002801D00120F8BD701C0028E0
:1060800020D0FCF7E5FF0699401AB04201D8002E57
:1060900018D1206880692840A84201D1012000E081
:1060A0000020B8420ED1606C20210843606441207A
:1060B000015500214220015500BF4020015500BF7D
:1060C0000120DAE7206880692840A84201D1012038
:1060D00000E00020B842C8D00020CEE770B50446EA
:1060E0000D46164624E0324629462046FFF78CFD31
:1060F000002801D0012070BDFCF7AAFF801BA84238
:1061000001D8002D14D12068806920210840400961
:1061100000280DD1606C08436064412001550021C6
:106120004220015500BF4020015500BF0120E2E799
:10613000206880692021084040090028D3D0002031
:10614000D9E770B504460D46164628E03246294682
:106150002046FFF759FD002801D0012070BD681CC2
:1061600000281CD0FCF774FF801BA84201D8002D2A
:1061700015D12068806902210840400800280ED10E
:10618000606C2021084360644120015500214220B9
:10619000015500BF4020015500BF0120DEE7206807
:1061A00080690221084040080028CFD00020D5E7B0
:1061B000014608680722920510407047014688682A
:1061C000C007C00F01225040504070470146886808
:1061D000012212071040000F704701468868042210
:1061E000104080087047026807239B059A430A43C2
:1061F0000260704730B5436904240D4625400724EA
:10620000AC40A34304240C401546A5402B434361F6
:1062100030BD0000F7B58CB069463820085EFBF74A
:1062200003F80190FAF774FF0646BB4ABB4BFAF736
:1062300027FCBB4ABB4B03910290FAF745FE04468C
:106240000D46B9480068FAF763FF22462B460591D0
:106250000490FAF7F2FB07910690FAF727FAB34990
:10626000086069463620085EFAF7DEFF0190FAF70B
:106270004FFFA94AA94B03910290FAF701FC04468B
:10628000A74AA84BFAF720FE06460F46A848006822
:10629000FAF73EFF32463B4605910490FAF7C0FB01
:1062A00007910690FAF702FAA249086069463A2077
:1062B000085EFAF7B9FF0190FAF72AFF06469E4AF0
:1062C0009E4BFAF7DDFB964A964B03910290FAF744
:1062D000FBFD059104909A480068FAF719FF0446FF
:1062E000059B049AFAF79CFB07910690FAF7DEF9F2
:1062F0009449086069463420085EFAF795FF0190DA
:10630000FAF706FF0391029069463020085EFAF71B
:106310008BFF0190FAF7FCFE0646039B029A02F0FF
:10632000DDF80446884A894BFAF7AAFB0022884B1D
:1063300005910490FAF7C8FD07910690FAF7B6F9AF
:106340008449086069463420085EFAF76DFF0190C1
:10635000FAF7DEFE0391029069463220085EFAF7F2
:1063600063FF0190FAF7D4FE0446039B029A02F001
:10637000B5F80646744A754BFAF782FB0022744B57
:1063800005910490FAF7A0FD07910690FAF78EF9AF
:1063900071490860714801686A48006802F06AFB48
:1063A0000646FAF7B5FE490049080446FAF77EF9B1
:1063B0000A906B4801685F48006802F05BFB064684
:1063C000FAF7A6FE490049080446FAF76FF9099062
:1063D000644801685548006802F04CFB0646FAF72D
:1063E00097FE490049080446FAF760F908900A98B0
:1063F000FAF78EFE0446484A52425B4B02F068FAB6
:1064000004D2504800684E49086003E053480068D1
:106410004B4908600998FAF77BFE04463E4A52420F
:10642000514B02F055FA04D24248006840490860D6
:1064300003E04B4800683E4908600898FAF768FE98
:1064400004464A4A4A4B02F043FA04D237480068ED
:106450003549086003E043480068334908603D4817
:106460000068FAF755FE0446424A434BFAF72CFD02
:1064700006460F462D480068FAF74AFE04463F4A92
:106480003F4BFAF721FD32463B4605910490FAF75F
:10649000C7FA07910690FAF709F9234908602E48D0
:1064A0000068FAF735FE0446324A334BFAF70CFD22
:1064B00006460F461F480068FAF72AFE04462F4A90
:1064C0002F4BFAF701FD32463B4605910490FAF74F
:1064D000A7FA07910690FAF7E9F8154908601848F5
:1064E00000681E490860124800681D4908600E488F
:1064F00000681C4908600E480068FAF709FE044667
:10650000074A084BFAF799FA0646FAF7CFF808490E
:1065100008600FB0F0BD00006666666666663040D3
:106520007B14AE47E17A843F200000203800002031
:10653000240000203C000020CDCCCCCCCCCC26408C
:106540001C000020340000204AD8124DFB210940D5
:10655000008066402C000020300000204400002015
:10656000480000204C0000209999B93FA4703D0AD2
:10657000D7A3C03FE162450DA661A83FD2A92B9FDA
:10658000E579EE3F30B59FB0752001F0BFFD0446C0
:1065900022461BA106A8F9F731FE06A8F9F752FF1B
:1065A00085B20023DB432A4606A91C48FEF780FF7C
:1065B00068202040682810D119A30FCB059302ABA7
:1065C00007C302A8F9F73EFF85B20023DB432A4642
:1065D00002A91248FEF76CFF10E0182214A16846C9
:1065E000F9F7D4FD6846F9F72DFF85B20023DB43A8
:1065F0002A4669460948FEF75BFF00BF1FB030BD61
:106600004D5055363035302057484F5F414D5F492A
:10661000203D203078253032580D0A002802002015
:106620004D505536303530204F4B0D0A00000000DC
:106630004D5055363035302063616E2774206669C1
:106640006E640D0A00000000F8B504463B2001F01E
:106650005DFD05463C2001F059FD06462802304309
:1066600000B220803D2001F051FD05463E2001F0A2
:106670004DFD06462802304300B260803F2001F005
:1066800045FD0546402001F041FD06462802304305
:1066900000B2A0800420205EFAF7C6FD0746FAF794
:1066A00061FD00B2A080432001F030FD054644208A
:1066B00001F02CFD0646280230432D3000B2E08068
:1066C000452001F023FD0546462001F01FFD06464A
:1066D000280230430F3000B22081472001F016FD20
:1066E0000546482001F012FD0646280230433038A6
:1066F00000B26081F8BD10B501216B2001F01AFDD8
:1067000000216C2001F016FD0921192001F012FD75
:1067100006211A2001F00EFD18211B2001F00AFDB0
:1067200018211C2001F006FD10BD00000EB5002050
:106730000090019002901B481B49086000054860CA
:10674000002119488160C16001610421416100217B
:106750000176417681760121C1610021001D01771A
:10676000001F416281622430017224380163416359
:106770008163243001762438C164FCF745F8002891
:1067800001D0FBF78BFE0948009000200190029099
:1067900069460548FBF786FE002801D0FBF77EFE20
:1067A0000EBD000000240140D800002002000004BB
:1067B00008B500BF0E48806B012108430C4988636F
:1067C0000846806BC007C00F009000BF00BF0022CA
:1067D00011460920FCF7FAFF0920FCF7E5FF00222B
:1067E00011460A20FCF7F2FF0A20FCF7DDFF08BD86
:1067F0000010024000B587B0142102A8F9F7A3FEEB
:1068000000BF2548406B01210843234948630846DF
:10681000406BC007C00F019000BF00BF00BF08461B
:10682000406B022108431C4948630846406B022123
:106830000840019000BF00BF00BF1748406B08210F
:106840000843154948630846406B082108400190F9
:1068500000BF00BF002211491148FCF7F3FB0022E2
:1068600008211048FCF7EEFB0C4802900120039031
:1068700000200490059002A90948FCF7EDFA0820D1
:1068800002900120039000200490059002A9054881
:10689000FCF7E2FA07B000BD00100240041E000041
:1068A00000040050000C005010B513481349086054
:1068B000134848600021114881600121C160002116
:1068C000016141618161C1610162FCF78FFC0028B7
:1068D00001D0FBF7E3FD00210848FCF7BFFB0028CF
:1068E00001D0FBF7DBFD00210448FCF7EEFB00289C
:1068F00001D0FBF7D3FD10BD005800403C01002043
:10690000B57DB11000B59BB000201790189019907C
:106910001A901490159016901C210DA8F9F713FEEB
:1069200034216846F9F70FFE4048414908603F208E
:10693000486000213E4881603E49C16000210161FC
:10694000416180218161FDF795FD002801D0FBF7B1
:10695000A5FD01200003179017A93548FDF708FE93
:10696000002801D0FBF79AFD3148FEF76BF80028AC
:1069700001D0FBF793FD002014901590169014A9F8
:106980002B48FDF731FD002801D0FBF787FD602083
:106990000D9000200E900F90109011901290139077
:1069A00000220DA92248FDF790FF002801D0FBF737
:1069B00075FD04220DA91E48FDF787FF002801D0B0
:1069C000FBF76CFD08220DA91948FDF77EFF002892
:1069D00001D0FBF763FD0C220DA91548FDF775FFEB
:1069E000002801D0FBF75AFD002000900190029092
:1069F000039004900120400305900020069007902A
:106A0000089001204006099000200A900B900C90FD
:106A100069460748FDF770FC002801D0FBF73EFDF2
:106A20000348FDF705FF1BB000BD0000002C01402E
:106A300090010020E703000000B587B0002003901C
:106A40000490059006900090019002901548164918
:106A500008603F2048600021134881606721C160C1
:106A6000002101618161FDF705FD002801D0FBF7E0
:106A700015FD01200003039003A90B48FDF778FDE5
:106A8000002801D0FBF70AFD002000900290694623
:106A90000548FDF7A9FC002801D0FBF7FFFC07B073
:106AA00000BD000000040040DC01002010B51A48C1
:106AB0001A490860E12040024860002117488160BF
:106AC000C16001610C21416100218161C1610162EC
:106AD00041620020114988620846FEF780FB0028C9
:106AE00001D0FBF7DBFC00210C48FEF722F900285F
:106AF00001D0FBF7D3FC00210848FEF7EAF8002894
:106B000001D0FBF7CBFC0548FEF7B7F8002801D011
:106B1000FBF7C4FC10BD0000003801402802002033
:106B200010B50E480E4908604B20C0014860002196
:106B30000B488160C16001610C21416100218161CC
:106B4000C161016241620020054988620846FEF782
:106B500046FB002801D0FBF7A1FC10BD004400401B
:106B6000BC02002010B57D24E400A04200DD2046D8
:106B70007D24E400A14200DD21467D24E400A24200
:106B800000DD22467D24E400A34200DD23460028E8
:106B900000DA0020002900DA0021002A00DA0022B1
:106BA000002B00DA0023044C6063A163E263024C13
:106BB0004034236010BD0000002C014000BFFEE700
:106BC00070470000174818490860002017490860FE
:106BD00017481849086013481749086000201749EA
:106BE0000860134816490860C00216490860002072
:106BF00015490860154816490860002015490860C5
:106C0000154908601549086015490860154908606C
:106C1000154908601549086015490860154908605C
:106C2000704700009A991940680000206C0000200D
:106C30000000C8427000002084000020880000206E
:106C40008C000020A0000020A400002000002041B3
:106C5000A800002074000020780000207C000020A4
:106C6000900000209400002098000020AC0000203C
:106C7000B0000020B4000020704710B5FCF720FDE4
:106C800010BD00B591B0342104A8F9F75CFC0020D8
:106C9000009001900290039001204002FCF7A0FDBB
:106CA00002200490C0010790002008904020099025
:106CB00002200B9002210C9100210D9108210E91D0
:106CC00001040F910107109104A8FDF71FF8002897
:106CD00001D0FBF7E3FB0720009002200190002089
:106CE0000290039002216846FCF79AFE002801D02A
:106CF000FBF7D4FB11B000BD7047000010B502488F
:106D0000FDF7C4FC10BD00009001002010B5024842
:106D1000FDF7BCFC10BD00009001002010B502483A
:106D2000FDF7B4FC10BD0000DC01002010B50268C6
:106D3000214B984202D0214B984205D17024134632
:106D4000A3431A464B681A431B4B98420BD01B4B6C
:106D5000984208D01A4B984205D01A4B984202D05C
:106D6000194B984206D1032424021346A3431A4622
:106D7000CB681A4380241346A3434C6923431A4625
:106D800002608B68C3620B6883620B4B984205D02C
:106D90000C4B984202D00C4B984201D10B69036313
:106DA000012343610369DB07DB0F002B03D0036979
:106DB0005B085B00036110BD002C01400004004033
:106DC00000200040004401400048014070B5CD065D
:106DD000ED0E0124AC402346046A9C430462046A1D
:106DE000CE06F60E1546B5402C43046270BD70B554
:106DF0000C468168FF2636020D46B54329461D0222
:106E0000154325432943816070BD00000A4681680F
:106E1000034B194007231343194381607047000057
:106E20008FFFCFFF70B5026A056A6D086D000562BD
:106E3000436884691E4D2C40A408A4000D682C43AF
:106E400002261546B5432A468D682A43194DA842A5
:106E500000D107E0184DA84200D103E0174DA84229
:106E60000AD100BF08261546B5432A46CD682A43F5
:106E700004261546B5432A460E4DA84205D00E4DB0
:106E8000A84202D00D4DA8420CD1FF2601361D4666
:106E9000B5432B4676001D46B5432B464D692B4323
:106EA0008D692B43436084614D684563026270BD08
:106EB0008FFFFEFF002C01400044014000480140CC
:106EC00070B5026A056A1026B54305624368846995
:106ED000224D2C40032636022546B5432C460D682C
:106EE0002D022C4320261546B5432A468D682D01D8
:106EF0002A431B4DA84200D107E01A4DA84200D1F9
:106F000000BF194DA8420BD10AE080261546B543B3
:106F10002A46CD682D012A4340261546B5432A4608
:106F20000F4DA84205D00F4DA84202D00E4DA842E9
:106F30000ED10126B6021D46B5432B4676001D46EE
:106F4000B5432B464D69AD002B438D69AD002B43F6
:106F5000436084614D688563026270BDFF8FFFFEF0
:106F6000002C0140004401400048014070B5026A15
:106F7000056AFF260136B54305624368C469214DA1
:106F80002C40A408A4000D682C4376001546B54398
:106F90002A468D682D022A431B4DA84200D107E0E6
:106FA0001A4DA84200D100BF194DA8420CD10BE0E8
:106FB0000126F6021546B5432A46CD682D022A431E
:106FC00076101546B5432A460F4DA84205D00F4D01
:106FD000A84202D00E4DA8420ED1012636031D460E
:106FE000B5432B4676001D46B5432B464D692D0112
:106FF0002B438D692D012B434360C4614D68C563EC
:10700000026270BD8FFFFEFF002C01400044014072
:107010000048014070B5036A056A01263603B5438E
:1070200005624468C269144D2A400326360215469B
:10703000B5432A460D682D022A43012676031D46D4
:10704000B5432B468D682D032B430C4DA84205D02C
:107050000B4DA84202D00B4DA84207D10126B60322
:107060002546B5432C464D69AD012C434460C261B1
:107070004D680564036270BDFF8FFFFE002C014068
:10708000004401400048014070B5026A056A0126CB
:107090003604B54305624368446D114D2C400D68BC
:1070A0002C4376001546B5432A460D892D042A4304
:1070B0000C4DA84205D00C4DA84202D00B4DA84261
:1070C00007D1012636041D46B5432B464D692D02D6
:1070D0002B43436044654D688565026270BD0000C6
:1070E0008FFFFEFF002C014000440140004801409A
:1070F00070B5026A056A01263605B5430562436824
:10710000446D114D2C400D682D022C437600154620
:10711000B5432A460D892D052A430C4DA84205D0BA
:107120000B4DA84202D00B4DA84207D10126B60450
:107130001D46B5432B464D69AD022B434360446564
:107140004D68C565026270BDFF8FFFFE002C0140D7
:10715000004401400048014070B50B461446026AE5
:10716000056A6D086D0005628169F0260D46B5431C
:107170002946250129430A261546B5432A461546C0
:107180001D432A468161026270BD70B50B461446EC
:10719000026A056A1026B543056281690F26360327
:1071A0000D46B543294625032943A0261546B54378
:1071B0002A461D012A438161026270BDF8B504466A
:1071C000606E002805D101216A2001536820015317
:1071D00022E00827082200922068806807214906DB
:1071E0000840450E20688068460F0C4A915D0C4AA5
:1071F000935D009A53431846F9F7B1F981B26A20BA
:107200000153064A515D064A525D7A431046F9F72A
:10721000A6F981B268200153F8BD00007F8B0008F9
:10722000778B00080822816A1140082907D101687C
:10723000496812039143826B114302685160018DCA
:10724000C907C90F002908D0016849680122520402
:107250009143C26A1143026851600222816A11405F
:10726000022907D101684968D2039143026B114397
:10727000026851600422816A1140042907D1016823
:10728000496812049143426B114302685160102215
:10729000816A1140102907D101688968120291435F
:1072A000C26B1143026891602022816A114020293B
:1072B00007D10168896812029143026C1143026888
:1072C00091604022816A1140402915D101684968C6
:1072D00092039143426C11430268516001221205EE
:1072E000416C914208D101684968032252059143DB
:1072F000826C1143026851608022816A11408029AA
:1073000007D10168496812039143C26C11430268B6
:1073100051607047F8B50446002190200151FBF7F9
:1073200097FE05462068006808210840082824D1F7
:1073300038482B46002289040090204600F0F4FDD6
:1073400000281AD000BF00F045FF0646012000F0DB
:10735000ADFF2068006880218843216808603046BE
:1073600000F0A4FF00BF20218820015100BF0021B0
:107370008420015500BF0320F8BD20680068042167
:107380000840042836D123482B46002209050090E6
:10739000204600F0C9FD00282CD000BF00F01AFFE5
:1073A0000646012000F082FF20680068FF2121319D
:1073B000884321680860304600F078FF00BF00BFB6
:1073C00000F008FF0646012000F070FF206880688A
:1073D0004008400021688860304600F067FF00BF29
:1073E00020218C20015100BF00218420015500BFC5
:1073F0000320C1E72021882001518C200151002069
:10740000E066206700BF00218420015500BF0020F6
:10741000B2E70000FFFFFF0170B50546AC6A00212E
:107420005E200153562001532046FDF7B3FC70BD8A
:1074300070B5044600BF00F0CDFE0546012000F007
:1074400035FF20680068FF212131884321680860EA
:10745000284600F02BFF00BF00BF00F0BBFE054632
:10746000012000F023FF206880681149084021684E
:107470008860284600F01AFF00BFE06E012810D196
:1074800000BF00F0A7FE0546012000F00FFF2068B6
:1074900000681021884321680860284600F006FF34
:1074A00000BF20218C2001510020E066606770BD84
:1074B000FEFFFFEF70B5044600BF00F08BFE0546EF
:1074C000012000F0F3FE2068006840218843216815
:1074D0000860284600F0EAFE00BF20218820015104
:1074E0000020A0672046FEF75CF870BDF8B50446A2
:1074F0006020075B8C20005922287ED12068406ADA
:1075000086B2A56D304638402880A06D801CA065ED
:107510005E20005B401E81B25E200153005B0028AC
:1075200071D100BF00F056FE0090012000F0BEFEB9
:1075300020680068FF212131884321680860009895
:1075400000F0B4FE00BF00BF00F044FE0090012038
:1075500000F0ACFE20688068400840002168886028
:10756000009800F0A3FE00BF20218C2001510020D4
:10757000606720672068406889040840002811D0AF
:1075800000BF00F027FE0090012000F08FFE206871
:10759000006801218906884321680860009800F08E
:1075A00085FE00BFE06E012823D10020E06600BF09
:1075B00000F010FE0090012000F078FE20680068C6
:1075C0001021884321680860009800F06FFE00BF1A
:1075D0002068C069102108400009002802D010204E
:1075E000216808625C20015B2046FDF770FB0AE021
:1075F00003E02046FDF742FF05E02068806908218E
:10760000084321688861F8BDF0B587B00446602062
:10761000005B06902068C5692068006803902068B8
:10762000806802908C20005922287DD16820005B60
:107630000490C8E02068406A80B20590A76D069962
:10764000059808403880A06D801CA0655E20005B16
:10765000401E81B25E2001532068C5696807400F53
:10766000002840D0E807C00F00280ED0FF210131CC
:1076700003980840002808D0012021680862902063
:107680000059012108439021085102202840002878
:107690000DD00298C007C00F002808D00220216832
:1076A00008629020005904210843902108510420C9
:1076B000284000280DD00298C007C00F002808D02D
:1076C000042021680862902000590221084390217B
:1076D000085190200059002805D02046FDF75AFB9C
:1076E0000021902001515E20005B00286BD100BF7B
:1076F00000F070FD0190012000F0D8FD20680068C6
:10770000FF210131884321680860019800F0CEFD17
:1077100000BF00BF00F05EFD0190012000F0C6FD3B
:1077200020688068464900E082E00840216888605F
:10773000019800F0BBFD00BF20218C2001510020EA
:10774000606720672068406889040840002811D0DD
:1077500000BF00F03FFD0190012000F0A7FD206870
:10776000006801218906884321680860019800F0BB
:107770009DFD00BFE06E012822D10020E06600BF21
:1077800000F028FD0190012000F090FD20680068C5
:107790001021884321680860019800F087FD00BF30
:1077A0002068C069102108400009002802D010207C
:1077B000216808625C20015B2046FDF788FA02E040
:1077C0002046FDF75BFE0498002804D020202840C6
:1077D000002800D02EE75E20065B002E2ED0682009
:1077E000005BB0422ADD00BF00F0F4FC01900120F4
:1077F00000F05CFD2068806801210907884321684A
:107800008860019800F052FD00BF0E48606700BF1D
:1078100000F0E0FC0190012000F048FD20680068C5
:107820002021084321680860019800F03FFD05E031
:1078300020688069082108432168886107B0F0BD8D
:10784000FEFFFFEFED740008F8B504466020065B0C
:107850008C20005922287ED12068406A85B2F0B27F
:107860002840A16D0870A06D401CA0655E20005BE3
:10787000401E81B25E200153005B002871D100BF21
:1078800000F0A8FC0746012000F010FD2068006809
:10789000FF212131884321680860384600F006FD49
:1078A00000BF00BF00F096FC0746012000F0FEFC80
:1078B000206880684008400021688860384600F0F1
:1078C000F5FC00BF20218C2001510020606720675B
:1078D0002068406889040840002811D000BF00F0EB
:1078E00079FC0746012000F0E1FC206800680121D6
:1078F0008906884321680860384600F0D7FC00BF3D
:10790000E06E012823D10020E06600BF00F062FC99
:107910000746012000F0CAFC206800681021884357
:1079200021680860384600F0C1FC00BF2068C069CB
:10793000102108400009002802D0102021680862A8
:107940005C20015B2046FDF7C2F90AE003E0204617
:10795000FDF794FD05E0206880690821084321684F
:107960008861F8BDF0B585B004466020005B0490E6
:107970002068C569206800680290206880680190CE
:107980008C20005922287DD16820005B0390C7E03D
:107990002068406A87B20498C0B23840A16D087070
:1079A000A06D401CA0655E20005B401E81B25E2081
:1079B00001532068C5696807400F002840D0E807D8
:1079C000C00F00280ED0FF21013102980840002886
:1079D00008D0012021680862902000590121084345
:1079E000902108510220284000280DD00198C0079E
:1079F000C00F002808D0022021680862902000599A
:107A000004210843902108510420284000280DD06B
:107A10000198C007C00F002808D004202168086220
:107A200090200059022108439021085190200059CC
:107A3000002805D02046FDF7ADF900219020015126
:107A40005E20005B00286BD100BF00F0C3FB0090FC
:107A5000012000F02BFC20680068FF2101318843E1
:107A600021680860009800F021FC00BF00BF00F012
:107A7000B1FB0090012000F019FC206880684749A4
:107A8000084000E081E021688860009800F00EFC6A
:107A900000BF20218C2001510020606720672068F2
:107AA000406889040840002811D000BF00F092FB14
:107AB0000090012000F0FAFB20680068012189068F
:107AC000884321680860009800F0F0FB00BFE06E7A
:107AD000012822D10020E06600BF00F07BFB00906F
:107AE000012000F0E3FB2068006810218843216832
:107AF0000860009800F0DAFB00BF2068C069102120
:107B000008400009002802D01020216808625C208B
:107B1000015B2046FDF7DBF802E02046FDF7AEFCF6
:107B20000398002804D020202840002800D02FE708
:107B30005E20065B002E2ED06820005BB0422ADD5E
:107B400000BF00F047FB0090012000F0AFFB206871
:107B5000806801210907884321688860009800F047
:107B6000A5FB00BF0E48606700BF00F033FB00902C
:107B7000012000F09BFB2068006820210843216859
:107B80000860009800F092FB05E0206880690821F9
:107B900008432168886105B0F0BD0000FEFFFFEFDB
:107BA00049780008F0B585B00446002001902169AD
:107BB000A068084361690843E169084303902068AD
:107BC00000686949084003990843216808602068F3
:107BD0004068032109038843E1680843216848603D
:107BE000A0690390206A0399084303902068806885
:107BF0005E49084003990843216888602068C06A8C
:107C000000090001616A08432168C86200BF584941
:107C10002068884217D1574840698007800F0028A4
:107C200006D0012808D0022804D0032808D105E096
:107C3000002707E0022705E0042703E0082701E00A
:107C4000102700BF06E04C492068884201D1002778
:107C500000E0102700BF0121C903E069884241D13B
:107C6000002F06D0022F08D0042F08D0082F0DD1E6
:107C700009E0FBF7C5FF05460CE0404D0AE0FBF7C5
:107C8000D3FF054606E00125ED0303E000250120B2
:107C9000019000BF00BF002D5BD0606A4000384AF1
:107CA000115A2846F8F751FC40006168490840180D
:107CB00000906168F8F749FC0646102E0FD3314852
:107CC00086420CD82F480F38304002903007400FC2
:107CD00002990843029002982168C86039E00120A7
:107CE000019036E0002F06D0022F08D0042F08D0D4
:107CF000082F0DD109E0FBF783FF05460CE01F4D6F
:107D00000AE0FBF791FF054606E00125ED0303E0DD
:107D100000250120019000BF00BF002D19D0606A2E
:107D20004000174A115A2846F8F70FFC61684908C5
:107D3000401800906168F8F708FC0646102E06D33C
:107D40001048864203D8B0B22168C86001E0012023
:107D5000019001216A2001536820015300206067CF
:107D6000A067019805B0F0BDF369FFCFFFF4FF11E4
:107D70000038014040100240004400400024F4005C
:107D80005A8B0008FFFF0000F8B504460E46154662
:107D9000A6655C2005535E2005530020606700BF88
:107DA00001210903A06888420AD12069002803D173
:107DB00058496020015324E0FF216020015320E056
:107DC000A06800280AD12069002803D1FF21602083
:107DD000015316E07F216020015312E001210907C1
:107DE000A06888420AD12069002803D17F21602041
:107DF000015306E03F216020015302E00021602092
:107E0000015300BF00219020015122218C200151FB
:107E100000BF00F0DFF90746012000F047FA2068B4
:107E200080680121084321688860384600F03EFAE6
:107E300000BF01214907606E884236D16820005B8F
:107E4000A84232DC4914A068884205D12069002884
:107E500002D13148606701E030486067206900283E
:107E600011D000BF00F0B6F90746012000F01EFA5D
:107E700020680068FF210131084321680860384606
:107E800000F014FA00BF00BF00F0A4F9074601207B
:107E900000F00CFA20688068012109070843216876
:107EA0008860384600F002FA32E001210903A06838
:107EB000884205D12069002802D11948606701E095
:107EC000184860672069002811D000BF00F082F9CF
:107ED0000746012000F0EAF920680068FF212131FF
:107EE000084321680860384600F0E0F910E000BF60
:107EF00000F070F90746012000F0D8F9206800680A
:107F00002021084321680860384600F0CFF900BFFF
:107F10000020F8BDFF01000009760008657900081F
:107F2000ED74000849780008FFB581B004460D469D
:107F300017460A9E46E0701C002843D0FBF788F8DD
:107F40000499401AB04201D8002E02D1032005B096
:107F5000F0BD2068006804210840002832D0802D40
:107F600030D0402D2ED02068C06908210840C008BC
:107F700000280FD00820216808622046FFF758FA31
:107F800008219020015100BF00218420015500BF2D
:107F90000120DCE72068C0690121C9020840C00A4D
:107FA00000280FD00846216808622046FFF740FAF3
:107FB00020219020015100BF00218420015500BFE5
:107FC0000320C4E72068C0692840A84201D10120ED
:107FD00000E00020B842AED00020B8E710B502485B
:107FE000FCF7DAFE10BD0000BC02002010B52248EC
:107FF0004068002804DD204880882049088005E08A
:108000001D484068002801D11C4908801A480078A2
:10801000C007C00F002803D019481A4908600CE0B7
:10802000154800788007C00F002803D0164815496E
:10803000086002E00020134908600F4800784007FC
:10804000C00F002803D00E48104908600CE00A4811
:1080500000780007C00F002803D00B480B490860C8
:1080600002E000200949086003498868F9F7DCF854
:108070000749086010BD000014040020D000002053
:10808000000020C160000020000020415C000020B2
:1080900064000020F8B5040C8BB2264682B25E4321
:1080A000104658430D0C370C360400218019164633
:1080B00079416E43370C36048019264679416E4368
:1080C0008919F8BD30B47446641E2578641CAB422F
:1080D00004D3635D5B00E31830BC18471D46F8E726
:1080E0004900CA020243100000D004204A0D01D00A
:1080F00001221043044A490D914201D10221084353
:10810000012800D105207047FF0700001FB5044675
:108110006420012103AA0B4600920191029022469D
:10812000D0210348FBF7DAF86846007B04B010BDA5
:108130003C01002013B584B004466420012105AA47
:108140000B460092019102902246D0210248FBF793
:108150009BF906B010BD00003C01002010B50028BE
:1081600019DB1A4A03231B02D21883089B00D2583A
:108170008307DC0EFF23A3409A438B071B0E840763
:10818000E40EA3401A43114B032424021B19840854
:10819000A4001A5118E00E4A03071B0F083B9B0866
:1081A0009B00D2588307DC0EFF23A3409A438B0722
:1081B0001B0E8407E40EA3401A43054B0407240F4B
:1081C000083CA408A4001A5110BD000000E100E022
:1081D0001CED00E0EFF310807047F8B504464F1E29
:1081E000C8000838211815461E46086849683A46EE
:1081F00006239A4310D02A463346F8F765FE3A46DE
:10820000D200083AA3181A687F1E5B68F8F708FCCA
:1082100006223B469343EED1022F23D0042F11D0E8
:10822000062F2FD12A463346F8F74EFEE36AA26A9C
:10823000F8F7F6FB2A463346F8F746FE636A226AE9
:10824000F8F7EEFB2A463346F8F73EFEE369A269EB
:10825000F8F7E6FB2A463346F8F736FE63692269EB
:10826000F8F7DEFB2A463346F8F72EFEE368A268ED
:10827000F8F7D6FB2A463346F8F726FE63682268ED
:10828000F8F7CEFBF8BD10B50122F9F7BFFA10BD23
:1082900010B5F8F7C5FB10BD034A10B50020110753
:1082A000F9F7B4FA10BD000001FDFFFF80F310885C
:1082B000704730380A2801D20120704700207047EB
:1082C000F0B589B004460D46480006917249400851
:1082D000884215DB7149884203DC884207D1002CB3
:1082E00005D020462946FFF7CEFF09B0F0BD6C4807
:1082F000002D02DD6B4909B0F0BD6B4909B0F0BD3E
:108300006A49884211DA6A4988420BDA20462946CE
:10831000FFF7E6FE042801D1FFF7BEFF20462946FD
:1083200009B0F0BD0026F6435DE06D0061496D08BF
:10833000884232DA6049884219DA0026012332463F
:108340009B0720462946F8F76BFB0746019101225F
:1083500020462946F9F75AFA0022584BF8F76DFBE8
:108360003A46019BF8F78CFB04460D463BE001269C
:108370000022524B20462946F8F752FB074600914F
:1083800000224E4B20462946F8F757FB3A46009B01
:10839000F8F776FB04460D4625E04949884219DA8C
:1083A00002260022474B20462946F8F78DFD002281
:1083B000424BF8F735FB074602910022414B20461D
:1083C0002946F8F73AFB3A46029BF8F759FB044670
:1083D0000D4608E0032622462B4600203A49F8F7CE
:1083E0004FFB04460D4622462B4610461946F8F729
:1083F0006BFD07460B4602460191F8F765FD024604
:10840000029032480B46039106217844FFF7E5FEBF
:108410003A46019BF8F758FD00902D48019105213F
:108420007844039B029AFFF7D8FE039B029AF8F761
:108430004BFD02460B4601990098002E0BDAF8F727
:10844000EFFA22462B46F8F73FFD22462B46F8F777
:10845000FFFA09B0F0BDF8F7E3FA22462B46F8F729
:1084600033FD1C4AF6007A4493191A685B68F8F7E2
:10847000E4FA22462B46F8F7E0FA174A7A449319B1
:108480001A685B68F8F7E4FA069A002AE1DA012232
:10849000D207514009B0F0BD000010440000F07F49
:1084A000182D4454FB21F93FFB21F9BF0000DC3FAC
:1084B0000000203E0000F33F0000E63F0000F03FD8
:1084C000008003400000F83F0000F0BF0A090000F0
:1084D000CC0800006608000030080000F0B51FB4AA
:1084E000039B54425D00164626439C46F40F6D08DC
:1084F0004B004E4E5B082C438E46B44205D8474293
:108500000743FC0F1C43B44204D96346FFF7C0FE87
:1085100005B0F0BD464E6644164309D0CC0F664602
:10852000B61702273E40264304461C4304D00BE006
:10853000FFF7C6FE05B0F0BD002EFBD0012EF9D02E
:10854000022E32D0032E34D014462C430BD0374C9D
:10855000A54216D1A3420AD1012189078D438B433D
:10856000194603950DE0704600280FDB25E0314FDA
:108570007F44002E0ED0012E10D0022E15D0032ED7
:1085800017D0A3421DD17046002816DA2A482B497D
:1085900005B0F0BD7968386805B0F0BD0122796892
:1085A000D2073868514005B0F0BD2348244905B0D2
:1085B000F0BD2148234905B0F0BD1F48224905B050
:1085C000F0BD5B1B1B153C2B02DD1B481E490FE059
:1085D0006446002C05DA3C24E34202DA002001461E
:1085E00006E0039BF8F74CFA49004908FFF768FEDC
:1085F000002EE4D0012E0BD0144A154B022E0CD0C5
:10860000F8F71BFA0C4A0E4BF8F717FA05B0F0BD55
:108610000122D207514005B0F0BDF8F70EFA064A24
:10862000074BF8F715FA05B0F0BD00000000F07F29
:10863000000010C0D4070000182D4454FB21F9BFDE
:10864000FB210940FB2109C0FB21F93F075C1433E2
:1086500026A6A13C10B5012202490348FCF7CEFE34
:1086600010BD000009000020BC02002001B5034B32
:10867000012269460248FCF71BFF08BDFFFF00000E
:10868000BC02002010B50446204631380300FFF735
:1086900019FD0906484E225342143D2F57002C481D
:1086A000007840084000401C2949087008460078BE
:1086B000022188432649087048E0254800780421B3
:1086C0008843001D22490870084600780821884325
:1086D0001F4908703AE01E48007802218843801C38
:1086E0001B490870084600784008400008702DE0DB
:1086F0001748007808218843083015490870084653
:10870000007804218843124908701FE0FF2091304F
:108710000F4948601AE00E48406832300C49486002
:1087200014E00B4840686438094948600EE00220B4
:10873000C0430749886009E003200549886005E0D7
:10874000012109030348FAF773FC00BF00BF10BD05
:1087500014040020000400509CB0FAF7BDFFFEF79F
:1087600090FAFEF747F8FEF723F8FDF7DFFFFEF774
:108770009BF8FEF7C7F8FEF799F9FEF75DF9FEF7EB
:10878000CFF97D20C000FAF751FBFDF7B4FF7D2043
:10879000C000FAF74BFBFEF715FA00213048FCF752
:1087A00089F904212E48FCF785F908212C48FCF7AB
:1087B00081F90C212A48FCF77DF9FFF74BFF1422C1
:1087C00028A116A8F7F7E2FC7D23DB00122216A9E8
:1087D0002948FCF76DFE7D20C000FAF727FBFDF766
:1087E000D1FEFFF737FF39E02448FDF72DFF0C22BB
:1087F000224905A8F7F748FE05A807C8FDF70AFDB6
:108800001F480068F8F784FC04460D461D480068C0
:10881000F8F77EFC06460F461B480068F8F778FC20
:108820000690079119A26B46C3C3059504943221A3
:1088300009A8F7F7F9FC0890089882B20023DB43F7
:1088400009A90D48FCF734FE0A20FAF7EFFA14499B
:108850000878FFF717FFF9F783FC00BFC4E70000B3
:1088600090010020E8939DE78999E5B7B2E8BF9EA3
:10887000EFBC815C720A000028020020080400207E
:108880001C0000202000002024000020252E32663D
:108890002C252E32662C252E32660D0A0000000093
:1088A0000900002010B500290AD00878002807D058
:1088B00005487844F9F7DAFB002801D0002010BD04
:1088C0000248784410BD0000520500004A0500002F
:1088D00070B501251C002D050C4310D4EC4206D4C4
:1088E000AC420AD48B4200D070BD824270BDEB42D4
:1088F00017D4E94215D48B4270BD9B4270BDEC4247
:1089000006D5AC42F9D5994200D070BD904270BDF9
:108910006D005C00EC4204D24C00EC4201D2994262
:1089200070BD0FB4034C0CBC03BC30B4F8F726FF89
:1089300030BC70BD1900160470B501250400ED07A8
:108940004C4020D4441A01D2001B0919C60D4B001B
:10895000F2B2FF2A29D01B0E2CD000020C02D31A2F
:108960002C43DC402843051910D2280A02D3401CAE
:108970006D0611D0761EF6058019FF2A00DA70BD4B
:10898000C00DC00570BD694000F07AF801200543B4
:10899000C541521C761CE8E764089C40C90161404F
:1089A0008900E7D10124A043E4E71B0E440200D074
:1089B000034870BD002AFCD1C00FC00770BD00BFC6
:1089C0000000C07F70B5420064414B005C41120E54
:1089D00039D01B0E38D0FF2A3CD0FF2B3AD04002B2
:1089E0004902400A490A060045184E43000A090A8E
:1089F000D2184843ED017F3A0104731A4019190C4B
:108A00004318990F04D001215B0849075B1A521CD7
:108A1000D80904D3401CF50301D19D0607D0FF2AD5
:108A200008D2D50506D0E4072043401970BD0125C2
:108A3000A843F4E7002A01DCE00770BD2402FF2010
:108A40002043C00570BD1B0EFF2A03D0FF2B01D0B1
:108A5000E00770BDFF2645003606B54206D84D003A
:108A6000B54203D8D218FF2A00D0E7E7004870BD0E
:108A70000000C07F70B501250400ED074C4022D4F2
:108A8000441A02D26C40001B0919C60D4B00F2B209
:108A9000FF2A4BD01B0E50D000020C02D31A2C43DD
:108AA000DC40A843051B05D5AD0019D36D08761E23
:108AB000521E37D0F605280A01D2801970BD7041C8
:108AC0006D0603D070BD6940FFF73CFF9C40090272
:108AD0006140490001D0401E70BD0124A04370BD1B
:108AE0006D081DD001202B0C01D12D0410302B0E50
:108AF00001D12D0208302B0F01D12D01001DAB0F2C
:108B000001D1AD00801CEB0F01D16D00401C6D0048
:108B1000361A121A680AF5054019012A02DB70BDDF
:108B2000002070BDC036300AC00770BD1B0E440265
:108B300001D1FF2B00D1024870BD002AF0D070BDDA
:108B40000000C07F03B402487844844603BC6047F9
:108B50004389FFFF081C3044580001000200040054
:108B6000060008000A000C001000200040008000F1
:108B70000001081C304458010101030701000008EE
:108B80000402040801010100081C304458000000E0
:108B900000000000000000000000000000000000D5
:108BA00000000000000000000000000000000000C5
:108BB00001000000020000000300000004000000AB
:108BC0000600000007000000080000000900000087
:108BD0000000000000000000000000000000000095
:108BE000010000000200000003000000040000007B
:108BF00030313233343536373839414243444546D3
:108C000040305800303132333435363738396162CC
:108C100063646566403078000400000800000000CE
:108C200000000002000100001080807F7E7D7C7BC0
:108C30007A7978777676757473727171706F6E6EFB
:108C40006D6C6C6B6A6A69686867666665646463A4
:108C50006362616160605F5F5E5E5D5D5C5C5B5B2B
:108C60005A5A59595858575756565555555454539A
:108C70005352525251515050504F4F4F4E4E4D4DF6
:108C80004D4C4C4C4B4B4B4A4A4A49494948484841
:108C90004747474746464645454544444444434381
:108CA0004343424242424141410000000000000073
:108CB0004FBB610567ACDD3F182D4454FB21E93FF4
:108CC0009BF681D20B73EF3F182D4454FB21F93FE3
:108CD000E2652F227F2B7A3C075C143326A6813C69
:108CE000BDCBF07A8807703C075C143326A6913C14
:108CF000C4EB98999999C9BF711623FEC671BCBF80
:108D00006D9A74AFF2B0B3BF9AFDDE522DDEADBFE7
:108D10002F6C6A2C44B4A2BF0D5555555555D53FFF
:108D2000FF8300922449C23F6E204CC5CD45B73F1A
:108D3000513DD0A0660DB13FEB0D76244B7BA93F92
:108D400011DA22E33AAD903F00000000000000007D
:108D500002400000000000A00000000005400000EC
:108D6000000000C8000000000C4000000000409C13
:108D700000000000194000000020BCBE0000000000
:108D800034400000BFC91B8E00000004B540000045
:108D9000504BCFD06607E2CF010000006C410000CD
:108DA0003E8251AADFEEA73401000000D942000044
:108DB000DCB5A0E23A301F97FFFFFFFFB44500008B
:108DC000FD25A0C8E9A3C14FFFFFFFFFFF3F000043
:108DD0000000008000000000FF3F00000000008055
:108DE00000000000208E000800000020D8000000D5
:108DF00004010008F88E0008D8000020A80900002F
:108E0000200100081C00000043000000F8FFFFFFE5
:108E10000C0000000E0000000F0000002E000000FB
:108E2000FF000000FF000000010000000000000043
:108E300004000000010000000024F4000000000015
:108E40000000000000000000000000000000000022
:108E50000000000000000000000000000000000012
:108E60000000000000000000000000000000000002
:108E7000FF000000FF0000000100000000000000F3
:108E800000000000000000000000000000000000E2
:108E900000000000000000000000000000000000D2
:108EA00000000000000000000000000000000000C2
:108EB00000000000000000000000000000000000B2
:108EC00000000000000000000000000000000000A2
:108ED0000000000000000000000000000000000092
:108EE0000000000000000000000000000000000082
:088EF00000000000000000007A
:04000005080000C12E
:00000001FF
